Customer ID,Customer Name,Date of Birth,Marital Status,Date of First Purchase,Gender,Yearly Income
RH-19495,Rick Hansen,3/9/1983,M,1482969600,M,90000
JR-16210,Justin Ritter,25/9/1961,S,1544140800,M,60000
CR-12730,Craig Reiter,23/11/1998,M,1429228800,M,60000
KM-16375,Katherine Murray,4/8/1987,S,1439683200,F,70000
RH-9495,Rick Hansen,30/10/1979,S,1550880000,F,80000
JM-15655,Jim Mitchum,23/1/1972,S,1556755200,M,70000
TS-21340,Toby Swindell,5/10/1964,S,1462579200,F,70000
MB-18085,Mick Brown,27/1/1996,M,1522195200,M,60000
JW-15220,Jane Waco,27/9/2004,S,1428883200,F,60000
JH-15985,Joseph Holt,16/8/1950,S,1427500800,M,70000
GM-14695,Greg Maxwell,29/11/1956,S,1456531200,F,70000
AJ-10780,Anthony Jacobs,13/1/1999,M,1439596800,M,60000
MM-7260,Magdelene Morse,15/8/1966,M,1495670400,F,100000
VF-21715,Vicky Freymann,6/12/1988,M,1462060800,M,100000
PF-19120,Peter Fuller,5/4/1974,S,1451865600,F,100000
BP-11185,Ben Peterman,22/4/1951,S,1562544000,F,30000
TB-21175,Thomas Boland,13/6/1970,M,1526688000,M,30000
PJ-18835,Patrick Jones,13/5/1991,S,1467763200,F,20000
JS-15685,Jim Sink,9/3/1973,S,1536105600,M,30000
RH-9555,Ritsa Hightower,2/12/1983,S,1431993600,M,40000
AB-600,Ann Blume,12/7/1962,S,1459814400,M,40000
SA-20830,Sue Ann Reed,15/7/1992,S,1422835200,F,40000
JK-15325,Jason Klamczynski,17/9/1980,M,1511049600,M,40000
LB-16795,Laurel Beltran,4/7/1985,M,1541808000,M,40000
NP-18325,Naresj Patel,8/11/1952,M,1423440000,M,60000
VD-21670,Valerie Dominguez,20/6/1991,M,1497744000,M,10000
PB-19210,Phillip Breyer,5/12/1951,S,1498089600,M,30000
EB-14110,Eugene Barchas,3/12/1991,M,1505088000,M,30000
KF-16285,Karen Ferguson,5/5/1968,M,1510099200,F,30000
BP-11230,Benjamin Patterson,14/6/1981,M,1543795200,M,30000
RR-19525,Rick Reed,15/12/1994,M,1526947200,F,10000
BS-11365,Bill Shonely,24/3/1993,M,1435449600,F,20000
JE-15745,Joel Eaton,20/9/1952,M,1559779200,F,20000
DP-13105,Dave Poirier,19/2/1996,M,1552435200,M,20000
NP-18700,Nora Preis,18/2/1968,M,1537488000,F,20000
AH-30,Aaron Hawkins,19/11/1977,M,1528588800,F,10000
DM-13015,Darrin Martin,31/5/2005,M,1506384000,F,60000
GT-14635,Grant Thornton,6/2/1972,S,1487635200,F,40000
PO-18865,Patrick O'Donnell,16/12/1977,M,1538870400,F,10000
DL-12865,Dan Lawera,8/9/1981,M,1530921600,M,30000
JB-16000,Joy Bell-,25/10/1954,M,1464652800,M,30000
BF-11005,Barry Franz,14/12/1978,M,1566259200,F,60000
VG-21805,Vivek Grady,31/8/1964,M,1485820800,F,70000
GT-14710,Greg Tran,24/8/1981,M,1481760000,M,60000
ZC-21910,Zuschuss Carroll,30/12/1983,M,1437091200,M,20000
SC-20095,Sanjit Chand,2/2/1951,S,1474588800,M,30000
EB-13840,Ellis Ballard,14/6/1990,M,1525651200,F,30000
AP-10915,Arthur Prichep,22/8/1959,M,1513036800,F,30000
SW-20275,Scott Williamson,23/3/1994,M,1480118400,M,30000
JH-15820,John Huston,21/3/1951,S,1492300800,F,40000
LC-16885,Lena Creighton,27/9/1990,M,1463616000,M,30000
TG-11640,Trudy Glocke,10/1/1999,S,1534291200,M,30000
HR-14830,Harold Ryan,31/3/1976,S,1530921600,F,40000
DG-3300,Deirdre Greer,31/7/1950,M,1540684800,F,60000
SG-20470,Sheri Gordon,8/2/1983,M,1493769600,F,40000
FH-14365,Fred Hopkins,25/6/1991,M,1539302400,M,40000
GP-14740,Guy Phonely,26/11/1993,M,1527120000,F,40000
MW-18220,Mitch Webber,15/6/1959,M,1427241600,M,70000
PO-18850,Patrick O'Brill,28/3/1996,M,1454803200,M,80000
CS-12460,Chuck Sachs,27/3/1954,S,1439424000,F,80000
KD-16495,Keith Dawkins,28/6/1983,M,1548720000,M,80000
MS-17980,Michael Stewart,18/4/2001,M,1430352000,M,80000
KC-16675,Kimberly Carter,25/12/2002,M,1525910400,M,40000
DB-13405,Denny Blanton,26/10/1992,S,1464480000,F,40000
JD-15895,Jonathan Doherty,31/5/1957,M,1550448000,M,40000
DK-13090,Dave Kipp,21/9/1956,M,1461715200,F,60000
CS-11845,Cari Sayre,6/6/1995,M,1507161600,F,70000
EM-14200,Evan Minnotte,3/7/1994,S,1500076800,M,60000
DW-3480,Dianna Wilson,25/6/1957,S,1551312000,F,80000
AS-10225,Alan Schoenberger,15/6/1952,S,1424131200,F,80000
ST-20530,Shui Tom,4/1/1951,M,1426204800,M,80000
BW-1065,Barry Weirich,4/8/2002,S,1517184000,F,80000
LA-16780,Laura Armstrong,26/10/1965,S,1488240000,F,80000
AB-10150,Aimee Bixby,23/4/1969,S,1513814400,F,70000
CM-12385,Christopher Martinez,14/3/1976,S,1448150400,M,70000
BE-11410,Bobby Elias,16/4/1978,S,1491782400,F,80000
SZ-20035,Sam Zeldin,29/4/1999,S,1520380800,M,80000
RM-19375,Raymond Messe,20/6/1956,S,1503619200,F,80000
HG-14845,Harry Greene,2/10/1950,S,1428019200,F,40000
DP-3105,Dave Poirier,14/9/1956,S,1539734400,M,160000
AR-10540,Andy Reiter,16/8/1987,M,1445731200,M,170000
TP-21415,Tom Prescott,27/2/1969,M,1479168000,F,120000
AM-10705,Anne McFarland,24/9/1982,S,1509926400,F,130000
AB-255,Alejandro Ballentine,3/2/1953,M,1494374400,F,130000
RP-19270,Rachel Payne,30/8/2003,S,1441929600,M,80000
BK-11260,Berenike Kampe,18/8/1985,S,1473206400,F,60000
JM-15250,Janet Martin,14/11/1950,M,1447632000,M,70000
LW-16990,Lindsay Williams,8/2/1998,M,1512086400,F,70000
NZ-18565,Nick Zandusky,14/1/1969,M,1497312000,M,80000
SV-10815,Stuart Van,5/11/1959,S,1565654400,F,80000
SC-20695,Steve Chapman,9/4/1957,S,1558483200,M,90000
NC-18625,Noah Childs,30/10/1992,M,1494374400,M,90000
NF-18385,Natalie Fritzler,8/5/1985,M,1531699200,F,90000
PM-18940,Paul MacIntyre,30/9/1959,M,1464912000,F,100000
MZ-17335,Maria Zettner,30/4/1988,S,1565136000,M,70000
HM-4980,Henry MacAllister,11/1/1993,S,1438560000,M,70000
RW-19540,Rick Wilson,9/9/1998,M,1471996800,M,60000
LH-17155,Logan Haushalter,15/10/1958,M,1522713600,M,60000
KM-16660,Khloe Miller,29/11/1981,S,1446336000,F,60000
AB-10060,Adam Bellavance,9/4/1973,M,1426377600,M,60000
DB-13060,Dave Brooks,6/1/2001,S,1428969600,F,60000
VM-21685,Valerie Mitchum,7/6/1987,S,1553817600,F,70000
DM-13525,Don Miller,30/12/1953,S,1475280000,F,80000
NM-18520,Neoma Murray,12/8/1966,S,1561334400,F,70000
RO-19780,Rose O'Brian,30/4/1985,M,1516492800,M,70000
SB-20185,Sarah Brown,25/9/2002,S,1456444800,F,70000
EM-14065,Erin Mull,9/10/1963,S,1520467200,M,70000
RS-19765,Roland Schwarz,5/12/1983,M,1474588800,F,90000
ON-18715,Odella Nelson,5/7/1958,S,1561075200,F,70000
VS-21820,Vivek Sundaresam,5/11/1951,S,1448928000,M,70000
CM-12115,Chad McGuire,1/7/1950,M,1432512000,M,60000
TB-21400,Tom Boeckenhauer,6/1/1963,M,1487289600,F,60000
AB-10105,Adrian Barton,28/6/1952,M,1434758400,F,60000
DW-13540,Don Weiss,26/2/1987,M,1539129600,M,70000
PS-19045,Penelope Sewall,28/8/1957,S,1495324800,F,70000
CC-12370,Christopher Conant,16/3/1995,M,1556496000,M,70000
TC-21295,Toby Carlisle,4/10/1953,M,1561248000,M,70000
GM-14440,Gary McGarr,24/3/1970,M,1450483200,F,70000
SV-20815,Stuart Van,25/10/1954,S,1442361600,M,80000
MM-17920,Michael Moore,7/4/1963,S,1426464000,M,30000
JK-16120,Julie Kriz,11/7/1953,S,1526342400,F,40000
DJ-13510,Don Jones,26/10/1965,M,1478390400,M,70000
AT-10435,Alyssa Tate,29/3/1968,M,1559692800,M,70000
AB-10015,Aaron Bergman,9/11/1989,M,1432166400,M,70000
RP-19390,Resi Pölking,19/5/1952,S,1475193600,M,80000
MJ-17740,Max Jones,22/5/1953,S,1443225600,F,70000
PV-18985,Paul Van Hugh,11/1/2002,M,1473811200,M,10000
SB-20290,Sean Braxton,18/2/1997,M,1553731200,F,40000
SM-10005,Sally Matthias,24/12/1977,M,1545868800,F,40000
KH-16330,Katharine Harms,2/12/1989,S,1424217600,F,40000
MP-18175,Mike Pelletier,20/10/1955,M,1504137600,F,30000
LH-17020,Lisa Hazard,28/11/1998,M,1489795200,F,30000
ND-18370,Natalie DeCherney,6/7/1965,S,1507766400,F,30000
CR-12625,Corey Roper,18/11/1966,S,1498348800,F,30000
GM-14680,Greg Matthias,10/2/1965,S,1444348800,M,10000
RA-19945,Ryan Akin,30/5/1978,S,1475971200,M,30000
BW-11110,Bart Watters,3/3/2001,S,1538265600,F,40000
RF-19735,Roland Fjeld,13/3/1975,M,1448668800,F,40000
AG-10675,Anna Gayman,25/8/1998,M,1481155200,F,40000
DM-12955,Dario Medina,31/8/1955,S,1468281600,F,30000
KD-16270,Karen Daniels,19/5/1984,S,1478995200,M,30000
BE-11335,Bill Eplett,16/10/2005,M,1502755200,F,40000
SO-20335,Sean O'Donnell,17/6/1976,S,1523059200,M,40000
DK-12835,Damala Kotsonis,23/9/1967,M,1560988800,M,40000
LC-7050,Liz Carlisle,30/6/1973,S,1520726400,M,40000
CG-12520,Claire Gute,18/5/1987,S,1473379200,F,40000
TB-21280,Toby Braunhardt,9/5/1951,S,1452384000,F,40000
HG-15025,Hunter Glantz,24/4/1978,M,1495497600,M,60000
AD-10180,Alan Dominguez,14/12/1950,M,1523059200,M,40000
BP-11155,Becky Pak,23/11/1981,M,1444521600,M,40000
AA-10480,Andrew Allen,22/10/1967,S,1432944000,M,40000
RL-19615,Rob Lucas,19/9/1951,S,1422748800,F,60000
CS-12505,Cindy Stewart,22/6/1982,S,1482278400,M,40000
SW-20245,Scot Wooten,5/5/1958,M,1480464000,F,40000
TA-21385,Tom Ashbrook,4/1/1964,S,1458259200,F,40000
YC-21895,Yoseph Carroll,24/1/1981,S,1427932800,M,40000
JM-15580,Jill Matthias,21/6/1968,S,1548288000,F,40000
MZ-7335,Maria Zettner,13/4/1963,M,1479427200,F,40000
JF-15295,Jason Fortune-,1/7/1966,S,1541376000,M,40000
JL-15835,John Lee,31/12/1982,S,1441238400,F,40000
DJ-3510,Don Jones,14/3/1999,S,1511654400,M,40000
MF-18250,Monica Federle,7/3/1973,S,1509580800,F,40000
JE-15610,Jim Epp,19/12/1950,S,1445731200,M,40000
CP-12340,Christine Phan,6/7/1999,M,1527379200,M,40000
EH-14125,Eugene Hildebrand,5/9/1958,S,1502582400,M,40000
NC-18340,Nat Carroll,30/9/1957,M,1469145600,F,60000
JS-16030,Joy Smith,2/6/1996,S,1428105600,F,70000
AM-10360,Alice McCarthy,23/9/1954,S,1429315200,F,80000
JF-15190,Jamie Frazer,30/5/1992,S,1555891200,M,80000
JG-15160,James Galang,18/12/1966,M,1428278400,M,90000
DP-13390,Dennis Pardue,21/11/1997,M,1430524800,F,90000
AG-10330,Alex Grayson,14/8/1956,S,1431907200,M,100000
GK-14620,Grace Kelly,1/6/1990,M,1422748800,F,100000
NF-18475,Neil Französisch,6/10/1990,S,1422144000,F,110000
DR-12940,Daniel Raglin,9/11/2004,M,1477094400,M,110000
NB-18655,Nona Balk,5/9/1963,S,1426809600,M,70000
NM-18445,Nathan Mautz,10/6/1987,M,1563580800,M,90000
NP-18670,Nora Paige,19/9/1951,M,1476662400,M,110000
SC-20380,Shahid Collister,31/5/1988,M,1432339200,M,100000
PA-9060,Pete Armstrong,8/11/1951,M,1473033600,F,120000
RB-19570,Rob Beeghly,7/12/1971,M,1521676800,F,160000
SR-20740,Steven Roelle,25/11/1972,M,1531699200,M,170000
RH-19510,Rick Huthwaite,10/9/2002,S,1480118400,F,70000
LH-16750,Larry Hughes,7/12/1966,S,1507075200,F,70000
KB-16585,Ken Black,22/4/1997,S,1501286400,F,70000
EM-13810,Eleni McCrary,15/6/1958,S,1532736000,F,70000
MZ-7515,Mary Zewe,25/7/1985,S,1485302400,F,70000
DM-13345,Denise Monton,3/2/1986,M,1520294400,F,60000
CA-11965,Carol Adams,2/8/1956,M,1480032000,F,60000
SC-20305,Sean Christensen,16/8/1969,S,1550534400,M,60000
MH-18115,Mick Hernandez,9/10/1974,M,1491436800,M,70000
KS-16300,Karen Seio,22/8/2001,S,1545091200,F,70000
BG-11740,Bruce Geld,12/4/1959,M,1543104000,M,60000
CR-2625,Corey Roper,30/10/1976,M,1493164800,M,60000
CB-12415,Christy Brittain,21/8/1979,M,1534636800,F,60000
AP-10720,Anne Pryor,8/9/1974,M,1483660800,F,60000
CR-12820,Cyra Reiten,17/11/1989,M,1426723200,M,60000
BF-11080,Bart Folk,25/12/1952,M,1534982400,F,70000
JM-15265,Janet Molinari,6/5/1991,S,1507680000,F,70000
TW-21025,Tamara Willingham,14/7/1992,M,1470096000,F,70000
RB-19330,Randy Bradley,1/12/1987,M,1544140800,M,70000
JA-15970,Joseph Airdo,14/6/1983,M,1445472000,F,70000
AB-60,Adam Bellavance,11/1/2005,M,1432425600,F,80000
JR-5670,Jim Radford,20/11/2003,M,1461283200,M,40000
MD-17350,Maribeth Dona,19/12/1971,M,1479513600,F,40000
PK-19075,Pete Kriz,16/9/1986,M,1503100800,F,40000
TP-21130,Theone Pippenger,13/10/1983,M,1484438400,M,60000
JK-15640,Jim Kriz,5/6/2003,S,1463616000,F,60000
CD-11920,Carlos Daly,21/6/1976,M,1507161600,F,60000
JL-5835,John Lee,1/3/1996,M,1429660800,F,60000
EP-13915,Emily Phan,6/5/1984,M,1506556800,M,70000
MS-17770,Maxwell Schwartz,2/6/1960,M,1422921600,F,40000
CM-12655,Corinna Mitchell,26/12/1962,M,1458172800,F,40000
JC-6105,Julie Creighton,12/1/1999,S,1475539200,F,60000
GB-14530,George Bell,26/9/1965,S,1462752000,M,60000
JH-16180,Justin Hirsh,18/1/1953,M,1539734400,F,40000
MT-8070,Michelle Tran,22/5/1968,S,1446768000,F,60000
CV-2805,Cynthia Voltz,22/5/2000,S,1494892800,F,60000
NH-18610,Nicole Hansen,27/2/1959,S,1459209600,F,60000
HJ-14875,Heather Jas,19/8/1951,M,1468368000,M,60000
JL-15175,James Lanier,3/10/1988,M,1464480000,F,60000
MY-18295,Muhammed Yedwab,3/3/2002,M,1508976000,M,70000
MW-18235,Mitch Willingham,27/6/2005,M,1521158400,F,80000
KC-16540,Kelly Collister,16/12/1986,S,1425945600,F,70000
HA-14920,Helen Andreada,29/9/1987,S,1528243200,F,70000
MT-17815,Meg Tillman,2/3/2000,M,1515628800,F,60000
FW-14395,Fred Wasserman,20/8/1989,M,1459036800,F,60000
BH-11710,Brosina Hoffman,20/4/1963,S,1484092800,M,60000
DK-12895,Dana Kaydos,19/6/1987,M,1488758400,F,60000
SC-20845,Sung Chung,2/6/1967,S,1511913600,M,70000
CY-12745,Craig Yedwab,11/9/1976,M,1438473600,F,70000
HL-15040,Hunter Lopez,6/8/1990,M,1545350400,M,60000
CT-11995,Carol Triggs,24/3/1979,M,1545955200,F,60000
GR-4560,Georgia Rosenberg,31/3/1974,M,1437782400,M,70000
TT-21070,Ted Trevino,9/5/1954,S,1488412800,F,70000
PO-19195,Phillina Ober,27/3/1975,M,1548115200,M,70000
ED-13885,Emily Ducich,19/10/1982,S,1468540800,M,70000
TM-21490,Tony Molinari,28/8/1976,S,1483833600,M,130000
AW-10840,Anthony Witt,25/4/1986,S,1492128000,F,130000
AT-10735,Annie Thurman,7/8/1999,M,1487030400,F,130000
SG-10605,Speros Goranitis,22/5/1955,M,1432857600,F,160000
BM-11785,Bryan Mills,24/6/1975,S,1492300800,F,100000
DK-13375,Dennis Kane,12/11/1964,M,1565568000,M,110000
PF-19225,Phillip Flathmann,30/4/1984,M,1551052800,F,150000
TG-21310,Toby Gnade,16/4/1993,S,1546387200,F,170000
SF-10200,Sarah Foster,29/8/1978,M,1431388800,M,120000
JW-5220,Jane Waco,21/3/1996,M,1485648000,F,120000
CC-12100,Chad Cunningham,7/9/1958,S,1481760000,F,130000
RD-19930,Russell D'Ascenzo,25/11/1962,M,1534982400,M,110000
BP-1230,Benjamin Patterson,5/5/1980,M,1477440000,F,130000
CS-12175,Charles Sheldon,6/11/1963,M,1519862400,F,170000
JD-16060,Julia Dunbar,9/1/1952,S,1557532800,M,30000
GH-14665,Greg Hansen,3/3/2003,S,1514678400,M,90000
CM-11935,Carlos Meador,5/6/1977,M,1503100800,M,60000
RB-9465,Rick Bensley,19/6/1962,M,1501113600,M,70000
RB-19795,Ross Baird,17/11/1978,M,1489795200,M,70000
DL-13495,Dionis Lloyd,25/2/1955,M,1462060800,F,70000
TS-21205,Thomas Seio,31/10/1994,S,1565308800,F,120000
MV-8190,Mike Vittorini,26/4/1997,M,1473897600,M,120000
BD-11560,Brendan Dodson,13/1/1981,M,1485648000,F,100000
PS-18760,Pamela Stobb,10/3/1966,M,1427414400,F,110000
FM-14215,Filia McAdams,4/10/1956,M,1463184000,F,130000
CA-12775,Cynthia Arntzen,28/5/1970,M,1462838400,F,80000
CD-12790,Cynthia Delaney,11/10/1976,M,1551744000,F,90000
NL-18310,Nancy Lomonaco,18/6/1985,S,1564444800,M,90000
TB-21055,Ted Butterfield,25/2/1988,M,1428969600,F,90000
EH-4125,Eugene Hildebrand,29/1/1968,S,1561507200,F,90000
KB-16600,Ken Brennan,15/7/1975,S,1538956800,M,120000
KW-16435,Katrina Willman,13/3/1987,M,1560470400,F,130000
MG-17695,Maureen Gnade,27/9/1957,M,1457913600,M,130000
HM-14860,Harry Marie,29/10/1959,M,1424304000,M,130000
BP-11290,Beth Paige,29/8/1950,S,1482796800,F,150000
HZ-4950,Henia Zydlo,24/2/1965,S,1558396800,F,70000
TC-20980,Tamara Chand,12/4/1954,M,1464307200,M,90000
EM-13825,Elizabeth Moffitt,10/11/1967,M,1455321600,M,50000
BS-11800,Bryan Spruell,27/6/1953,M,1476057600,F,80000
DV-13465,Dianna Vittorini,17/6/1974,M,1551830400,F,80000
MB-17305,Maria Bertelson,15/3/1958,M,1461283200,M,80000
PC-19000,Pauline Chand,27/12/1973,S,1461974400,M,90000
CA-12310,Christine Abelman,10/11/1950,M,1545004800,F,90000
KC-16255,Karen Carlisle,31/3/1974,M,1508025600,M,90000
DB-3660,Duane Benoit,12/12/1957,S,1539907200,F,110000
SC-20260,Scott Cohen,23/10/1999,M,1547078400,M,90000
BD-11500,Bradley Drucker,31/1/1990,M,1530316800,M,110000
BM-11140,Becky Martin,26/1/1962,M,1535587200,F,110000
KB-16315,Karl Braun,10/5/2003,M,1541116800,M,120000
JM-15865,John Murray,1/9/1967,M,1427155200,M,170000
AF-10885,Art Foster,3/3/2001,M,1545264000,M,70000
SJ-20500,Shirley Jackson,6/9/1995,M,1476403200,F,110000
WB-21850,William Brown,31/12/1966,M,1530230400,F,130000
CC-12610,Corey Catlett,1/3/1993,M,1453334400,F,130000
BE-11455,Brad Eason,2/11/1980,M,1497571200,F,130000
TG-21640,Trudy Glocke,20/11/1988,S,1439856000,M,150000
MS-17365,Maribeth Schnelling,5/6/1996,S,1437696000,M,60000
NP-18685,Nora Pelletier,13/6/1977,M,1561766400,M,60000
RM-19675,Robert Marley,9/8/1968,S,1446508800,F,80000
SN-20560,Skye Norling,19/9/2001,S,1464652800,F,50000
CD-12280,Christina DeMoss,9/3/1973,S,1533168000,M,70000
BG-11035,Barry Gonzalez,12/6/1976,M,1449446400,M,70000
CC-12550,Clay Cheatham,28/6/1995,M,1531353600,M,70000
SV-20785,Stewart Visinsky,24/12/2003,M,1527897600,M,80000
HW-14935,Helen Wasserman,21/8/1965,M,1544745600,M,80000
AS-10285,Alejandro Savely,12/6/1998,S,1500336000,M,90000
LD-16855,Lela Donovan,19/8/1979,S,1525219200,F,90000
NS-18505,Neola Schneider,24/4/1991,M,1516060800,F,100000
CM-12715,Craig Molinari,3/2/1994,M,1428019200,M,110000
JD-6060,Julia Dunbar,1/11/1971,M,1442275200,M,110000
MG-17680,Maureen Gastineau,19/2/1952,M,1499558400,M,80000
DB-13210,Dean Braden,16/1/1965,M,1428537600,M,60000
CS-11860,Cari Schnelling,7/10/1964,S,1552608000,F,60000
GG-14650,Greg Guthrie,8/11/1961,S,1551744000,F,70000
BN-11470,Brad Norvell,16/6/1955,S,1536710400,F,70000
BS-1665,Brian Stugart,21/3/2003,S,1515024000,F,70000
AC-10450,Amy Cox,18/9/2004,S,1524268800,M,70000
CK-12205,Chloris Kastensmidt,23/3/1998,S,1529884800,F,70000
JD-16150,Justin Deggeller,3/8/1989,S,1468886400,F,70000
CC-2550,Clay Cheatham,16/4/1959,M,1509667200,M,60000
MS-17830,Melanie Seite,26/5/1985,S,1546992000,F,40000
SM-20950,Suzanne McNair,31/3/2004,S,1508716800,F,40000
CL-12700,Craig Leslie,2/11/2005,M,1538524800,F,70000
CM-12160,Charles McCrossin,17/11/1955,M,1532736000,F,80000
JC-15775,John Castell,29/8/1969,M,1424044800,M,90000
LH-16900,Lena Hernandez,23/3/1992,M,1531958400,F,90000
DV-13045,Darrin Van Huff,24/5/1959,S,1454371200,M,120000
BT-11530,Bradley Talbott,30/8/2000,M,1547769600,M,90000
BM-1650,Brian Moss,20/12/1975,S,1511308800,M,90000
MG-18205,Mitch Gastineau,24/4/1965,M,1473811200,M,130000
RB-19705,Roger Barcio,15/7/1991,M,1424649600,M,90000
FC-14245,Frank Carlisle,5/10/1960,M,1478908800,M,90000
TT-21220,Thomas Thornton,25/11/1960,S,1563667200,M,90000
SJ-20215,Sarah Jordon,23/1/1984,M,1446508800,M,110000
PB-18805,Patrick Bzostek,12/12/1975,M,1541721600,F,90000
RW-19690,Robert Waldorf,23/7/1980,S,1555804800,F,10000
DB-3360,Dennis Bolton,28/6/1956,M,1523664000,F,20000
DK-13150,David Kendrick,14/1/1993,M,1515542400,F,10000
RW-9540,Rick Wilson,27/10/1993,M,1549411200,F,10000
MP-17470,Mark Packer,28/11/1998,M,1547251200,M,20000
TB-21625,Trudy Brown,13/9/1984,M,1466208000,M,10000
MO-17800,Meg O'Connel,11/5/1961,M,1439078400,M,20000
MR-17545,Mathew Reese,12/10/1987,S,1535328000,M,20000
LC-17050,Liz Carlisle,9/9/1975,M,1492646400,F,10000
RA-19885,Ruben Ausman,22/3/1980,M,1437004800,M,20000
MG-8145,Mike Gockenbach,18/12/1968,M,1467158400,M,30000
JE-16165,Justin Ellison,26/8/1983,M,1451088000,M,10000
JK-16090,Juliana Krohn,8/11/1982,M,1497225600,F,10000
EM-13960,Eric Murdock,27/5/1951,S,1452211200,F,10000
DJ-13420,Denny Joy,27/3/1991,S,1560297600,F,10000
BO-11425,Bobby Odegard,4/11/1983,M,1466380800,M,10000
LW-17215,Luke Weiss,10/4/1960,M,1466640000,M,10000
PJ-19015,Pauline Johnson,24/8/1993,M,1441411200,F,10000
KM-16720,Kunst Miller,5/10/1996,M,1509321600,F,30000
BG-11695,Brooke Gillingham,15/8/1980,S,1509235200,F,20000
CS-12130,Chad Sievert,29/2/1988,M,1496448000,M,10000
MC-17425,Mark Cousins,3/1/1962,S,1487548800,F,30000
BD-1635,Brian Derr,29/7/1958,M,1559952000,F,20000
RF-19345,Randy Ferguson,2/5/1952,M,1509753600,M,40000
MG-7680,Maureen Gastineau,30/4/1952,S,1495843200,M,10000
KH-16690,Kristen Hastings,23/5/1962,S,1443052800,M,10000
CC-12475,Cindy Chapman,26/7/2004,S,1545782400,F,10000
LT-16765,Larry Tron,16/7/1967,S,1491955200,M,10000
BF-10975,Barbara Fisher,16/3/1962,S,1557532800,M,10000
CJ-12010,Caroline Jumper,21/8/1952,M,1534550400,F,10000
SH-9975,Sally Hughsby,13/8/1999,M,1498089600,M,10000
SL-20155,Sara Luxemburg,16/6/1981,S,1477958400,M,10000
NC-8340,Nat Carroll,31/3/1974,S,1497657600,F,10000
JB-5400,Jennifer Braxton,25/4/1969,S,1508457600,F,10000
TB-21250,Tim Brockman,9/5/1979,M,1441152000,F,20000
PS-18970,Paul Stevenson,17/10/1967,M,1565049600,M,20000
BB-11545,Brenda Bowman,27/10/2005,S,1557792000,M,10000
SG-10470,Sheri Gordon,22/1/1996,M,1432684800,F,20000
SP-20920,Susan Pistek,19/10/1979,M,1564704000,F,20000
Dp-13240,Dean percer,30/11/1962,M,1509062400,F,20000
GZ-14470,Gary Zandusky,27/9/1960,S,1423440000,F,20000
AH-10075,Adam Hart,14/7/1955,M,1519084800,F,30000
CB-2025,Cassandra Brandow,22/4/1977,S,1500768000,M,30000
SC-20050,Sample Company A,2/5/2002,M,1459209600,M,30000
SC-10230,Scot Coram,21/3/1968,S,1438646400,M,40000
JS-15595,Jill Stevenson,23/5/1975,M,1431907200,M,30000
BS-11380,Bill Stewart,26/7/1961,S,1472947200,F,10000
JL-5130,Jack Lebron,18/1/1990,M,1512950400,M,10000
AS-10090,Adam Shillingsburg,13/10/1963,S,1430006400,M,20000
EL-13735,Ed Ludwig,25/1/2001,M,1556150400,F,20000
FH-14275,Frank Hawley,6/4/1988,M,1521417600,M,20000
OT-18730,Olvera Toch,27/3/2004,M,1527638400,F,30000
SM-10320,Sean Miller,5/12/1980,M,1499904000,F,30000
PM-19135,Peter McVee,1/3/2003,S,1444780800,M,30000
TS-11430,Tom Stivers,20/7/2003,M,1455062400,F,30000
LS-17245,Lynn Smith,15/1/1994,S,1481587200,F,40000
SF-20200,Sarah Foster,21/5/1992,M,1517356800,M,40000
CM-11815,Candace McMahon,14/2/1977,S,1484352000,M,10000
FG-14260,Frank Gastineau,10/5/1950,S,1507507200,F,10000
KN-6705,Kristina Nunn,28/1/1969,S,1479600000,F,10000
TB-11520,Tracy Blumstein,30/5/1999,S,1514764800,M,10000
JB-15400,Jennifer Braxton,27/3/1985,S,1427673600,M,10000
KH-16510,Keith Herrera,20/12/1972,S,1543536000,M,10000
DL-13330,Denise Leinenbach,30/8/1979,S,1432857600,F,30000
KN-16390,Katherine Nockton,7/10/1965,M,1449532800,M,10000
SV-20935,Susan Vittorini,19/4/1975,S,1552435200,F,20000
MD-17860,Michael Dominguez,13/3/1963,S,1549929600,M,30000
LS-17200,Luke Schmidt,28/3/1971,S,1498521600,F,30000
CM-12445,Chuck Magee,7/5/1953,S,1446249600,M,40000
SS-20140,Saphhira Shifley,17/5/1955,M,1441670400,F,40000
GH-14425,Gary Hwang,26/2/1966,M,1530144000,F,40000
SM-20320,Sean Miller,20/12/1952,S,1560556800,F,40000
GR-14560,Georgia Rosenberg,6/7/1993,S,1490400000,F,10000
TS-21370,Todd Sumrall,22/4/1986,S,1489449600,F,10000
DH-3675,Duane Huffman,14/8/1976,M,1555718400,F,20000
MM-8280,Muhammed MacIntyre,16/7/1976,M,1542672000,M,20000
PM-9135,Peter McVee,5/9/1974,M,1491955200,M,10000
GP-4740,Guy Phonely,29/6/1988,S,1441670400,F,10000
AF-10870,Art Ferguson,26/10/1992,M,1536019200,M,20000
TS-21505,Tony Sayre,7/3/1998,M,1456185600,M,80000
BM-11575,Brendan Murry,3/5/1985,S,1421366400,F,80000
AH-10030,Aaron Hawkins,23/9/2001,M,1525132800,F,80000
AG-10495,Andrew Gjertsen,12/10/1987,S,1490572800,M,80000
AG-675,Anna Gayman,30/4/1974,S,1537660800,M,90000
SW-20755,Steven Ward,29/12/2004,M,1563667200,F,60000
SK-19990,Sally Knutson,25/6/1999,M,1524182400,F,70000
AG-10900,Arthur Gainer,3/12/1989,S,1424217600,M,90000
AJ-960,Astrea Jones,30/7/1970,M,1468281600,M,150000
MC-7275,Marc Crier,24/4/1969,M,1563321600,M,100000
ER-13855,Elpida Rittenbach,6/7/1981,M,1468368000,F,110000
EJ-13720,Ed Jacobs,20/5/1982,M,1482019200,M,170000
DH-13675,Duane Huffman,24/7/1977,M,1554076800,F,80000
HE-14800,Harold Engle,16/9/1964,M,1546905600,F,80000
KT-16480,Kean Thornton,16/9/1992,M,1519603200,F,90000
SB-20170,Sarah Bern,12/9/1983,M,1510531200,M,110000
EM-14140,Eugene Moren,7/12/2000,M,1465171200,F,110000
VT-21700,Valerie Takahito,12/3/1984,S,1457136000,F,120000
JS-15880,John Stevenson,25/1/1986,M,1504828800,M,80000
BC-11125,Becky Castell,6/4/1970,M,1494115200,F,90000
NF-18595,Nicole Fjeld,19/11/1989,M,1544486400,M,110000
RH-9600,Rob Haberlin,12/10/1970,M,1451433600,F,80000
CS-11950,Carlos Soltero,21/2/1995,M,1496448000,M,80000
CM-12235,Chris McAfee,19/11/1959,M,1504224000,M,170000
LW-16825,Laurel Workman,14/7/1963,S,1556841600,F,100000
RD-19585,Rob Dowd,22/12/1962,M,1503792000,F,160000
BT-11680,Brian Thompson,20/1/2004,M,1542931200,M,90000
MD-7860,Michael Dominguez,19/4/1964,M,1502582400,F,130000
CC-12145,Charles Crestani,29/11/1979,M,1494460800,F,90000
XP-21865,Xylona Preis,29/6/1980,M,1522281600,M,80000
ML-17410,Maris LaWare,7/4/2000,M,1538611200,F,90000
BS-11665,Brian Stugart,31/5/1962,M,1478304000,M,90000
SC-20230,Scot Coram,17/5/1951,S,1454112000,F,60000
QJ-19255,Quincy Jones,12/7/1950,M,1442620800,F,70000
RE-19450,Richard Eichhorn,2/1/1977,S,1429401600,F,70000
CP-2085,Cathy Prescott,14/1/1961,S,1479254400,F,70000
JK-5730,Joe Kamberova,22/6/1965,M,1455494400,F,70000
HZ-14950,Henia Zydlo,20/6/1968,S,1535155200,M,80000
AR-10570,Anemone Ratner,29/6/1981,M,1497398400,M,80000
EH-14005,Erica Hernandez,2/3/1976,S,1513123200,M,130000
JR-15700,Jocasta Rupert,16/1/1965,S,1422230400,M,70000
PL-18925,Paul Lucas,3/12/1957,S,1481328000,F,80000
TC-21145,Theresa Coyne,18/6/1968,S,1542758400,M,80000
DG-13300,Deirdre Greer,18/6/1963,S,1547596800,F,80000
Dl-13600,Dorris liebe,13/12/2001,M,1564531200,M,100000
NC-18415,Nathan Cano,11/5/1971,M,1433894400,M,120000
EB-13930,Eric Barreto,6/2/1997,M,1548892800,F,90000
CP-12085,Cathy Prescott,17/1/1978,M,1466899200,F,100000
SM-20005,Sally Matthias,22/10/1951,S,1451260800,F,80000
JR-15670,Jim Radford,11/4/1968,S,1444780800,M,90000
DL-12925,Daniel Lacy,28/1/1955,S,1481673600,M,90000
FM-14290,Frank Merwin,2/6/2000,M,1461110400,F,110000
DP-13165,David Philippe,27/6/1971,M,1515024000,F,110000
CK-12595,Clytie Kelty,18/1/1987,M,1558915200,M,90000
CM-11830,Cari MacIntyre,6/5/1980,M,1480723200,M,90000
PP-18955,Paul Prost,20/5/2002,M,1440720000,M,150000
MM-17260,Magdelene Morse,20/4/1995,M,1448064000,M,170000
ME-17320,Maria Etezadi,27/2/1961,M,1454371200,F,40000
CS-12490,Cindy Schnelling,26/9/1989,S,1540252800,M,10000
GH-14410,Gary Hansen,26/6/1965,S,1482451200,M,20000
MC-17635,Matthew Clasen,21/5/1965,S,1468281600,F,30000
LM-7065,Liz MacKendrick,29/6/1962,S,1491955200,M,60000
AR-10510,Andrew Roberts,23/4/1962,S,1483660800,F,20000
JH-15910,Jonathan Howell,4/11/2001,S,1552867200,M,20000
DK-3375,Dennis Kane,9/9/1999,S,1546300800,M,30000
EG-13900,Emily Grady,10/1/1987,M,1560297600,F,40000
AS-10630,Ann Steele,28/8/1965,S,1541980800,M,30000
CL-11890,Carl Ludwig,18/8/1953,S,1425600000,M,30000
CA-12265,Christina Anderson,13/7/1952,M,1483056000,M,40000
PF-19165,Philip Fox,11/4/1954,M,1565395200,F,40000
DB-12970,Darren Budd,25/7/1951,M,1553558400,F,40000
CL-12565,Clay Ludtke,25/7/1989,S,1541980800,F,30000
MF-17665,Maureen Fritzler,18/10/1951,M,1434326400,M,40000
IM-15055,Ionia McGrath,22/8/2005,S,1516665600,M,40000
EB-13975,Erica Bern,25/12/1957,M,1493164800,M,40000
AA-10315,Alex Avila,11/4/1981,S,1470873600,F,10000
MV-17485,Mark Van Huff,22/3/1989,S,1472688000,F,10000
JW-15955,Joni Wasserman,18/9/1953,S,1473811200,M,20000
TS-21610,Troy Staebel,6/12/1976,S,1482969600,F,20000
MC-17575,Matt Collins,3/12/1993,S,1476230400,M,20000
JF-5415,Jennifer Ferguson,5/1/1956,M,1493078400,M,20000
AH-10210,Alan Hwang,16/6/1985,S,1497398400,M,30000
KD-16345,Katherine Ducich,18/6/2005,S,1518393600,F,40000
PG-18895,Paul Gonzalez,13/11/1996,S,1465776000,M,40000
HK-14890,Heather Kirkland,4/1/1980,S,1427328000,M,40000
RR-19315,Ralph Ritter,6/7/1996,S,1484956800,M,40000
HH-5010,Hilary Holden,10/10/1955,S,1553212800,F,40000
SH-20635,Stefanie Holloman,3/8/1961,S,1543708800,M,40000
AR-10825,Anthony Rawles,23/5/1954,S,1496620800,M,40000
RP-9855,Roy Phan,25/8/1956,S,1509667200,F,40000
LR-17035,Lisa Ryan,8/6/1965,S,1486080000,F,40000
IM-5055,Ionia McGrath,9/9/1976,S,1542931200,M,40000
CK-12325,Christine Kargatis,30/4/1992,M,1547337600,M,50000
AS-285,Alejandro Savely,23/6/1994,M,1560988800,F,40000
DK-12985,Darren Koutras,4/1/1955,S,1527897600,F,60000
EH-4185,Evan Henry,14/11/1979,S,1528416000,M,60000
ML-17395,Marina Lichtenstein,1/3/1957,S,1496102400,F,60000
BF-11215,Benjamin Farhat,13/10/1987,S,1443657600,F,60000
MB-7305,Maria Bertelson,30/7/1985,M,1517961600,F,30000
CR-12580,Clay Rozendal,26/9/1968,M,1429574400,M,30000
TB-21520,Tracy Blumstein,9/3/1997,M,1516492800,M,30000
KN-16450,Kean Nguyen,23/6/1972,S,1523145600,F,20000
HR-14770,Hallie Redmond,16/2/1976,S,1527897600,F,20000
CK-12760,Cyma Kinney,31/12/1997,M,1547856000,M,30000
RO-9780,Rose O'Brian,6/12/1990,M,1507334400,F,30000
EN-13780,Edward Nazzal,10/11/1966,M,1534118400,F,30000
AH-10465,Amy Hunt,17/8/1985,M,1532217600,F,40000
AH-10585,Angele Hood,29/1/2004,M,1436659200,M,40000
RB-9435,Richard Bierner,13/2/1977,M,1565308800,M,40000
AG-525,Andy Gerbode,24/1/1963,M,1484092800,F,40000
AR-10345,Alex Russell,31/1/1953,M,1451433600,F,40000
MW-8220,Mitch Webber,7/7/1998,M,1554854400,M,80000
AH-210,Alan Hwang,8/3/1997,M,1563494400,M,40000
TH-21235,Tiffany House,10/9/1983,M,1511222400,F,40000
LT-7110,Liz Thompson,3/6/2002,M,1562457600,F,40000
HD-14785,Harold Dahlen,26/9/1968,M,1564185600,F,40000
MC-7575,Matt Collins,15/2/1975,M,1440892800,F,40000
MH-18025,Michelle Huthwaite,30/5/1964,M,1560211200,F,40000
CC-2475,Cindy Chapman,29/2/1992,M,1473984000,M,40000
CM-12190,Charlotte Melton,8/5/1988,M,1542326400,M,40000
RA-19915,Russell Applegate,15/9/2002,M,1547942400,F,40000
MT-18070,Michelle Tran,11/11/1983,M,1438560000,F,40000
JF-15415,Jennifer Ferguson,22/7/1992,M,1468108800,F,40000
ES-14020,Erica Smith,3/6/1980,S,1556409600,M,60000
CC-12685,Craig Carroll,18/11/1965,M,1509580800,M,60000
IM-15070,Irene Maddox,8/11/1981,M,1547164800,M,60000
DA-13450,Dianna Arnett,24/11/1977,M,1520294400,M,60000
SS-10410,Shahid Shariari,27/4/1959,S,1555718400,F,60000
BM-11650,Brian Moss,5/12/1975,M,1505779200,M,60000
SW-20350,Sean Wendt,22/11/1976,S,1430870400,M,60000
CM-1830,Cari MacIntyre,16/3/1958,S,1465084800,M,60000
MY-17380,Maribeth Yedwab,6/9/1992,S,1559779200,M,20000
MS-7830,Melanie Seite,23/6/1996,M,1543449600,F,20000
HG-14965,Henry Goldwyn,20/2/1953,M,1504396800,M,30000
DC-13285,Debra Catini,23/10/1995,M,1530576000,M,30000
DL-13315,Delfina Latchford,9/8/1967,M,1470960000,F,30000
JK-15370,Jay Kimmel,15/6/1967,M,1555718400,F,40000
CH-2070,Cathy Hwang,15/12/1989,S,1479081600,M,40000
MH-7440,Mark Haberlin,9/7/1950,M,1534636800,F,40000
MC-17845,Michael Chen,4/10/1976,S,1451606400,F,40000
PW-19030,Pauline Webber,23/2/1995,S,1478476800,M,10000
BS-11590,Brendan Sweed,20/9/1953,S,1454716800,M,20000
DO-13435,Denny Ordway,16/2/2003,M,1475280000,F,20000
SG-20890,Susan Gilcrest,23/12/1969,S,1518998400,F,10000
SU-20665,Stephanie Ulpright,19/7/1976,M,1478390400,F,40000
JC-16105,Julie Creighton,21/3/1957,M,1558828800,M,20000
TB-21190,Thomas Brumley,6/11/1983,S,1525478400,F,30000
SV-10785,Stewart Visinsky,19/3/1986,S,1461369600,M,30000
VP-21760,Victoria Pisteka,9/4/1967,S,1427500800,M,30000
LR-16915,Lena Radford,10/1/1992,S,1490486400,F,30000
TH-21550,Tracy Hopkins,13/6/1978,S,1485216000,F,10000
TC-11145,Theresa Coyne,23/11/1989,M,1468195200,M,20000
JL-15235,Janet Lee,9/12/2000,S,1478736000,M,20000
RK-19300,Ralph Kennedy,17/1/1952,S,1548115200,M,20000
CC-12670,Craig Carreira,24/4/1969,S,1459641600,M,20000
DB-13555,Dorothy Badders,11/1/1976,M,1508198400,F,40000
SG-20605,Speros Goranitis,6/6/1965,M,1521504000,F,40000
MG-17890,Michael Granlund,1/2/2003,S,1564099200,F,20000
MA-17560,Matt Abelman,21/1/1995,M,1492387200,M,30000
CB-12025,Cassandra Brandow,13/6/1962,M,1453680000,F,30000
DH-13075,Dave Hallsten,4/8/1957,M,1421452800,M,30000
BT-11395,Bill Tyler,27/7/1956,M,1498262400,M,30000
TT-11265,Tim Taslimi,28/8/1971,S,1530576000,F,20000
TH-11235,Tiffany House,15/12/1988,S,1560902400,F,20000
VG-21790,Vivek Gonzalez,1/8/1954,S,1559779200,M,20000
NW-18400,Natalie Webber,1/7/1962,M,1553644800,M,30000
VP-21730,Victor Preis,12/5/1961,M,1502841600,F,30000
SS-20410,Shahid Shariari,12/4/1971,S,1505692800,F,10000
JE-15715,Joe Elijah,19/9/1980,S,1537056000,M,20000
AG-270,Alejandro Grove,10/1/1966,M,1480550400,M,30000
BW-11200,Ben Wallace,28/2/1966,M,1558051200,F,40000
EK-13795,Eileen Kiefer,26/8/1951,S,1508976000,F,30000
SG-20080,Sandra Glassco,8/12/1957,S,1439596800,F,30000
SC-10725,Steven Cartwright,26/11/1959,M,1498780800,M,40000
AG-10525,Andy Gerbode,12/12/1987,M,1436832000,F,40000
MG-18145,Mike Gockenbach,23/12/1975,M,1521849600,M,40000
BD-11605,Brian Dahlen,11/5/1982,S,1465171200,M,30000
PB-19105,Peter Bühler,11/5/1950,M,1449446400,F,30000
SC-20575,Sonia Cooley,26/11/1979,M,1565568000,F,40000
DO-3435,Denny Ordway,11/7/1999,S,1441152000,F,30000
CC-12220,Chris Cortes,8/7/1996,S,1555545600,F,30000
TS-21430,Tom Stivers,30/8/1955,S,1491091200,M,20000
AZ-10750,Annie Zypern,10/8/1954,S,1523059200,M,20000
IG-15085,Ivan Gibson,28/5/1983,S,1525737600,M,20000
SP-20860,Sung Pak,3/7/1987,S,1540684800,M,20000
KM-16225,Kalyca Meade,17/1/1980,M,1521763200,M,40000
KM-6720,Kunst Miller,19/6/1956,S,1442361600,F,30000
MM-18055,Michelle Moray,18/7/1976,S,1539561600,F,30000
RB-19360,Raymond Buch,28/8/1982,S,1480204800,F,20000
NC-8415,Nathan Cano,29/7/1984,S,1564012800,F,30000
SN-20710,Steve Nguyen,30/11/1983,S,1482364800,M,30000
DL-3330,Denise Leinenbach,21/2/1981,S,1529193600,M,30000
JG-15115,Jack Garza,24/10/2003,S,1520726400,M,30000
CJ-11875,Carl Jackson,10/6/1981,S,1539561600,M,30000
AY-10555,Andy Yotov,14/9/2004,S,1509840000,F,20000
BV-11245,Benjamin Venier,2/12/1982,S,1552953600,F,10000
PO-9195,Phillina Ober,4/11/1955,S,1452038400,M,20000
GZ-4545,George Zrebassa,5/12/1974,S,1436227200,M,20000
PN-18775,Parhena Norris,28/11/1969,S,1556150400,M,30000
SC-20800,Stuart Calhoun,5/12/1990,S,1491350400,M,30000
AC-10615,Ann Chong,7/1/1998,M,1434499200,M,20000
VB-21745,Victoria Brennan,30/9/1956,S,1492214400,M,20000
TT-11460,Tonja Turnell,26/5/2000,S,1433635200,F,30000
AC-10420,Alyssa Crouse,18/5/1955,S,1447891200,F,30000
CG-12040,Catherine Glotzbach,22/4/1978,M,1430265600,M,40000
TR-11325,Toby Ritter,3/10/1977,M,1525046400,F,40000
SC-20440,Shaun Chance,29/12/1986,S,1431993600,M,60000
BT-11305,Beth Thompson,21/8/1981,M,1446940800,M,60000
JB-15925,Joni Blumstein,5/9/1978,S,1554163200,F,50000
GW-14605,Giulietta Weimer,21/12/1955,S,1535241600,F,50000
SC-20725,Steven Cartwright,8/1/1951,S,1440115200,F,50000
EH-13765,Edward Hooks,21/7/1993,M,1423785600,M,50000
YS-21880,Yana Sorensen,20/3/1951,S,1470700800,F,50000
FO-14305,Frank Olsen,25/9/1977,S,1452384000,M,50000
RP-19855,Roy Phan,27/9/1969,M,1559692800,M,50000
AB-10600,Ann Blume,17/4/1996,M,1515283200,F,50000
KB-16240,Karen Bern,1/7/2005,M,1523145600,M,60000
KA-16525,Kelly Andreada,12/3/1973,S,1508630400,F,40000
EM-3960,Eric Murdock,13/7/1980,S,1535155200,M,40000
JD-15790,John Dryer,16/1/1995,M,1434758400,F,60000
JL-15850,John Lucas,9/4/1988,M,1537056000,M,60000
JW-16075,Julia West,22/6/1991,M,1472860800,F,60000
LL-6840,Lauren Leatherbury,20/1/1974,M,1463961600,M,40000
TH-21100,Thea Hendricks,9/2/1994,M,1501372800,M,60000
MC-17275,Marc Crier,28/3/1987,M,1484265600,M,60000
NG-8430,Nathan Gelder,12/1/1977,S,1444089600,F,60000
KD-16615,Ken Dana,18/10/1972,M,1482019200,F,70000
MC-17605,Matt Connell,16/11/1984,M,1564790400,M,70000
JK-15625,Jim Karlsson,26/9/1973,M,1543017600,F,70000
TS-11505,Tony Sayre,24/12/1992,M,1549152000,F,50000
LD-6855,Lela Donovan,8/9/1979,M,1518307200,M,50000
LP-17080,Liz Pelletier,31/7/1967,M,1533513600,F,50000
CV-12805,Cynthia Voltz,6/7/1978,M,1427241600,F,50000
MO-17500,Mary O'Rourke,8/5/1992,S,1499817600,M,40000
MS-17530,MaryBeth Skach,13/12/1996,S,1460592000,F,40000
GA-14515,George Ashbrook,19/10/2002,S,1527552000,F,40000
CS-12355,Christine Sundaresam,14/12/1988,S,1480464000,M,40000
GM-14500,Gene McClure,7/3/1958,S,1495756800,M,60000
CC-2670,Craig Carreira,19/11/1996,M,1564272000,M,60000
MN-17935,Michael Nguyen,16/9/1993,M,1448582400,M,60000
JM-16195,Justin MacKendrick,29/7/1995,M,1425600000,F,60000
DB-13615,Doug Bickford,22/8/1958,M,1558569600,M,60000
PK-18910,Paul Knutson,30/12/1990,S,1434326400,F,60000
LS-16945,Linda Southworth,3/12/1997,M,1428278400,F,60000
JK-15730,Joe Kamberova,21/9/1966,S,1489449600,F,70000
SW-10275,Scott Williamson,25/11/1972,M,1511481600,F,70000
MC-18100,Mick Crebagga,27/11/1989,M,1550448000,F,70000
EH-13945,Eric Hoffmann,8/5/1997,M,1553644800,M,60000
LC-16930,Linda Cazamias,25/12/1952,S,1562716800,M,60000
MA-17995,Michelle Arnett,4/7/1954,M,1527292800,F,60000
SP-20650,Stephanie Phelps,3/12/1959,S,1485993600,M,60000
JH-15430,Jennifer Halladay,15/12/2005,S,1467158400,M,60000
ML-17755,Max Ludwig,11/12/1961,M,1478563200,M,70000
PC-18745,Pamela Coakley,14/4/1952,S,1503187200,F,70000
KE-16420,Katrina Edelman,30/3/1957,M,1488844800,F,70000
EM-4200,Evan Minnotte,4/12/1988,M,1536796800,M,80000
DW-13480,Dianna Wilson,3/5/1985,M,1444953600,M,70000
SC-10680,Steve Carroll,18/3/1987,S,1557446400,F,70000
JG-15805,John Grady,2/8/1988,S,1479254400,F,70000
LL-16840,Lauren Leatherbury,29/11/1953,S,1478390400,F,70000
PV-8985,Paul Van Hugh,8/5/1972,S,1462579200,F,60000
PO-19180,Philisse Overcash,23/9/1979,M,1501027200,M,60000
SH-19975,Sally Hughsby,18/3/1956,S,1426032000,F,60000
GA-14725,Guy Armstrong,25/8/1959,M,1561593600,F,60000
GT-4755,Guy Thornton,2/9/1958,S,1422403200,M,70000
PR-18880,Patrick Ryan,9/9/1984,M,1465603200,M,80000
AG-10765,Anthony Garverick,17/8/1958,S,1423872000,M,60000
SE-20110,Sanjit Engle,26/7/1989,M,1506902400,M,70000
JB-16045,Julia Barnett,3/10/1979,M,1516752000,M,70000
JM-5580,Jill Matthias,14/10/1980,M,1548288000,F,70000
JO-15280,Jas O'Carroll,3/3/1956,M,1477094400,F,70000
LP-17095,Liz Preis,4/11/1959,M,1522281600,F,70000
EJ-14155,Eva Jacobs,24/9/1968,M,1456444800,M,80000
VW-21775,Victoria Wilson,18/12/1998,S,1432598400,M,40000
GM-14455,Gary Mitchum,3/4/1952,M,1542585600,M,40000
BF-1080,Bart Folk,8/9/1961,S,1507075200,M,40000
SM-20905,Susan MacKendrick,13/7/1993,S,1447027200,M,40000
BO-1425,Bobby Odegard,21/9/1951,S,1454544000,F,80000
AW-10930,Arthur Wiediger,25/2/1970,M,1467504000,M,80000
JP-15460,Jennifer Patt,27/10/1966,M,1560384000,F,60000
AS-10240,Alan Shonely,29/5/2002,S,1482105600,F,40000
TB-11625,Trudy Brown,21/2/1982,M,1453766400,M,40000
JP-5520,Jeremy Pistek,25/1/1955,S,1560211200,F,50000
BD-11770,Bryan Davis,19/11/1998,M,1492214400,M,50000
BD-11635,Brian Derr,13/4/1990,M,1448150400,M,50000
CC-2370,Christopher Conant,7/2/1980,S,1499904000,F,50000
PO-8850,Patrick O'Brill,11/8/1981,M,1454371200,M,50000
TZ-21445,Tom Zandusky,5/1/1954,M,1536364800,M,50000
RB-19435,Richard Bierner,26/5/2005,S,1500681600,M,60000
JE-15475,Jeremy Ellison,14/1/1980,S,1532390400,M,60000
AI-10855,Arianne Irving,11/2/1984,M,1524441600,M,60000
MH-17440,Mark Haberlin,7/9/1995,S,1478563200,F,60000
JE-6165,Justin Ellison,11/9/2002,S,1547683200,F,60000
DS-13180,David Smith,6/2/1991,S,1437609600,M,60000
AC-10660,Anna Chung,16/8/1967,S,1485043200,F,60000
MH-17455,Mark Hamilton,27/10/1953,M,1428624000,M,60000
CC-12430,Chuck Clark,22/11/1950,S,1541548800,F,60000
NG-18355,Nat Gilpin,25/7/1983,S,1507248000,F,60000
RC-19825,Roy Collins,27/7/1971,S,1520640000,F,60000
JD-16015,Joy Daniels,16/3/1988,M,1534636800,F,40000
JH-5910,Jonathan Howell,2/2/1959,S,1450656000,M,70000
SC-10695,Steve Chapman,31/7/1985,M,1443139200,F,70000
RD-9930,Russell D'Ascenzo,3/6/1963,M,1555632000,M,70000
LC-6930,Linda Cazamias,22/7/1972,M,1478822400,F,70000
DW-13195,David Wiener,12/3/1986,M,1497225600,F,70000
RD-19900,Ruben Dartt,20/5/1984,S,1447027200,M,40000
MV-18190,Mike Vittorini,30/1/1987,M,1434758400,M,60000
RD-19480,Rick Duston,28/8/1979,M,1466553600,F,60000
SV-20365,Seth Vernon,17/10/1952,M,1529280000,M,40000
LS-17230,Lycoris Saunders,24/8/1999,M,1492041600,F,40000
GD-14590,Giulietta Dortch,3/1/1973,M,1516406400,F,40000
EB-13750,Edward Becker,6/1/1972,M,1553040000,M,60000
KH-6360,Katherine Hughes,12/2/1968,S,1529539200,M,70000
BF-11275,Beth Fritzler,12/5/1993,S,1516752000,M,70000
NG-18430,Nathan Gelder,24/10/1990,S,1443052800,M,70000
Co-12640,Corey-Lock,7/8/1970,S,1435363200,M,70000
SF-20965,Sylvia Foulston,12/2/1972,S,1484611200,M,60000
KB-16405,Katrina Bavinger,9/4/1985,M,1529625600,M,60000
LC-16870,Lena Cacioppo,14/11/1969,M,1559001600,M,60000
JL-15505,Jeremy Lonsdale,17/4/1983,M,1462924800,F,60000
BD-11725,Bruce Degenhardt,4/7/1974,M,1551916800,F,60000
TM-21010,Tamara Manning,13/5/1994,M,1454630400,M,60000
AB-150,Aimee Bixby,24/5/1981,M,1442966400,F,60000
BW-11065,Barry Weirich,31/10/1991,M,1428624000,M,60000
FM-14380,Fred McMath,13/7/1958,M,1546300800,F,60000
PC-8745,Pamela Coakley,16/4/1972,M,1446768000,M,60000
BN-1470,Brad Norvell,30/9/1984,M,1526083200,F,60000
AH-10120,Adrian Hane,15/11/1973,M,1444867200,M,60000
LF-17185,Luke Foster,9/5/1956,M,1444867200,M,70000
DJ-13630,Doug Jacobs,28/9/1990,M,1519862400,F,70000
SJ-20125,Sanjit Jacobs,9/3/1975,M,1459814400,F,80000
ML-18265,Muhammed Lee,7/10/1967,S,1560124800,M,60000
SF-10965,Sylvia Foulston,19/12/1952,M,1463961600,M,60000
PO-8865,Patrick O'Donnell,25/8/1987,M,1458691200,F,60000
MH-17290,Marc Harrigan,11/11/1970,M,1565481600,F,60000
NR-18550,Nick Radford,29/6/1975,S,1440115200,M,60000
MK-17905,Michael Kennedy,16/9/1973,M,1427155200,F,70000
DB-13660,Duane Benoit,5/8/1975,M,1469145600,M,70000
PH-18790,Patricia Hirasaki,19/2/1968,M,1423612800,M,80000
AB-10165,Alan Barnes,2/6/2003,M,1429833600,F,60000
CA-12055,Cathy Armstrong,9/3/1968,M,1502841600,F,80000
JF-5295,Jason Fortune-,18/12/1960,M,1447545600,F,80000
KT-16465,Kean Takahito,25/9/1967,M,1479772800,F,80000
RB-9705,Roger Barcio,17/8/1964,M,1534896000,F,90000
BD-1725,Bruce Degenhardt,27/3/1984,M,1458086400,M,60000
EB-13705,Ed Braxton,14/1/1965,S,1527724800,F,60000
MG-17875,Michael Grace,11/7/1960,M,1511222400,M,70000
MG-17650,Matthew Grinstein,18/2/1951,M,1496880000,M,70000
AG-10270,Alejandro Grove,18/9/1960,M,1542067200,F,110000
NP-8685,Nora Pelletier,4/5/1998,M,1519257600,F,70000
AS-630,Ann Steele,4/11/1960,S,1556323200,M,70000
SC-20680,Steve Carroll,22/5/1998,M,1465430400,M,70000
MC-17590,Matt Collister,31/8/1960,M,1501372800,M,80000
TP-11415,Tom Prescott,4/8/1971,S,1522022400,F,80000
HH-15010,Hilary Holden,11/2/1989,M,1426291200,M,80000
BT-11485,Brad Thomas,19/9/1984,S,1519171200,F,90000
EB-13870,Emily Burns,18/10/1967,S,1496448000,F,90000
JP-15520,Jeremy Pistek,3/2/1962,M,1511568000,M,90000
CM-2115,Chad McGuire,4/3/1974,S,1533772800,F,50000
EA-14035,Erin Ashbrook,11/11/1954,S,1434672000,M,50000
FH-14350,Fred Harton,16/3/1967,S,1429660800,M,50000
BS-1800,Bryan Spruell,15/1/1955,M,1518825600,M,50000
AA-10375,Allen Armold,1/10/1962,S,1450224000,M,50000
BN-11515,Bradley Nguyen,11/11/1993,M,1460937600,F,50000
EG-3900,Emily Grady,6/5/1998,S,1497657600,F,50000
RE-19405,Ricardo Emerson,6/4/1976,M,1496016000,M,50000
ND-18460,Neil Ducich,21/4/1954,S,1517184000,F,40000
TT-21460,Tonja Turnell,9/4/1975,S,1565654400,F,60000
ML-18040,Michelle Lonsdale,27/9/1988,S,1468195200,F,60000
JL-5505,Jeremy Lonsdale,12/4/1975,S,1423958400,F,60000
SP-20545,Sibella Parks,3/2/1987,M,1461456000,M,60000
SF-10065,Sandra Flanagan,3/4/1971,M,1522108800,F,60000
AS-10045,Aaron Smayling,9/3/1961,M,1543708800,F,60000
TT-11220,Thomas Thornton,11/10/1991,M,1483574400,M,40000
AH-10195,Alan Haines,30/12/2002,M,1487462400,M,40000
KH-6630,Ken Heidel,8/5/1978,S,1526342400,M,60000
AA-10645,Anna Andreadi,5/9/1964,M,1557532800,M,60000
JL-15130,Jack Lebron,6/11/1979,S,1529020800,F,70000
KM-6375,Katherine Murray,30/1/1956,M,1430611200,F,50000
LS-16975,Lindsay Shagiari,29/6/1966,M,1470268800,M,50000
KL-16645,Ken Lonsdale,29/3/1974,M,1547164800,M,60000
EH-14185,Evan Henry,30/9/1981,M,1484956800,F,40000
KW-6570,Kelly Williams,23/5/1950,M,1421452800,M,40000
DB-3060,Dave Brooks,8/10/2005,S,1498089600,F,40000
FA-14230,Frank Atkinson,26/9/1966,S,1440115200,F,40000
JF-15565,Jill Fjeld,18/3/1968,S,1456185600,F,40000
LO-7170,Lori Olson,26/8/1983,S,1529712000,M,40000
KB-6315,Karl Braun,18/10/1997,M,1452729600,M,40000
BS-11755,Bruce Stewart,30/1/1990,M,1433376000,M,40000
RB-19465,Rick Bensley,20/11/1977,M,1546732800,F,60000
HF-14995,Herbert Flentye,21/10/1964,M,1491955200,M,60000
MP-17965,Michael Paige,17/12/1984,M,1428624000,F,60000
JJ-15445,Jennifer Jackson,27/5/1992,S,1422662400,F,60000
LC-17140,Logan Currie,11/12/1970,M,1545782400,F,60000
TT-11070,Ted Trevino,3/7/1990,M,1490140800,M,70000
BF-11020,Barry Französisch,9/11/1969,M,1499472000,F,70000
ES-14080,Erin Smith,11/11/1996,M,1490918400,M,70000
FC-14335,Fred Chung,21/9/1986,M,1501977600,M,60000
TS-21160,Theresa Swint,17/3/2000,M,1513814400,M,60000
RE-9450,Richard Eichhorn,22/12/1986,S,1557532800,M,40000
JC-15340,Jasper Cacioppo,28/2/1981,S,1446422400,F,40000
MH-17785,Maya Herman,15/8/1983,M,1548288000,M,40000
RF-19840,Roy Französisch,31/5/1962,M,1534723200,F,40000
PG-18820,Patrick Gardner,2/11/1994,M,1518998400,M,60000
DO-13645,Doug O'Connell,11/12/1980,M,1556755200,F,70000
SC-10305,Sean Christensen,21/1/1996,M,1550793600,M,70000
TN-21040,Tanja Norvell,25/3/1977,S,1427846400,F,70000
DR-12880,Dan Reichenbach,27/3/1990,M,1512000000,M,70000
EB-3975,Erica Bern,13/3/1973,M,1539129600,M,70000
NS-8505,Neola Schneider,2/8/2001,M,1446076800,F,60000
SF-20065,Sandra Flanagan,27/12/1966,M,1534809600,M,60000
RA-19285,Ralph Arnett,1/2/2000,M,1557273600,F,60000
LT-17110,Liz Thompson,7/1/1990,M,1475971200,F,70000
BF-11170,Ben Ferrer,27/11/1970,M,1539043200,F,70000
AR-825,Anthony Rawles,10/11/1991,S,1510272000,F,70000
SD-20485,Shirley Daniels,2/1/2001,M,1554163200,F,70000
GW-4605,Giulietta Weimer,11/4/1995,M,1457740800,F,60000
DB-13120,David Bremer,8/7/1969,M,1425168000,F,70000
JC-5775,John Castell,23/2/1978,M,1494374400,F,70000
ND-8460,Neil Ducich,20/9/1978,M,1566000000,F,80000
TC-11295,Toby Carlisle,18/3/2001,M,1533772800,M,80000
DM-2955,Dario Medina,3/11/1991,S,1451001600,F,40000
PJ-9015,Pauline Johnson,17/12/1979,M,1518998400,M,80000
JH-5820,John Huston,27/12/2003,S,1551225600,M,80000
ME-18010,Michelle Ellison,29/11/1972,S,1423353600,M,80000
AH-10690,Anna Häberlin,1/3/2004,M,1469836800,M,80000
RD-19660,Robert Dilbeck,26/4/1963,S,1429747200,F,80000
CD-1980,Carol Darley,11/12/1955,S,1451433600,M,80000
CL-2565,Clay Ludtke,27/2/1972,S,1480982400,M,60000
MO-7800,Meg O'Connel,4/6/1994,M,1507248000,M,60000
CR-2580,Clay Rozendal,31/12/1978,M,1518134400,M,40000
TC-10980,Tamara Chand,12/3/1992,S,1470787200,M,50000
RD-9900,Ruben Dartt,10/5/1965,S,1426636800,F,50000
CS-12250,Chris Selesnick,12/11/1954,S,1491782400,F,50000
CH-12070,Cathy Hwang,3/8/1983,S,1559347200,F,30000
JF-15355,Jay Fein,18/6/1980,S,1467331200,F,50000
AS-135,Adrian Shami,16/8/1958,S,1498608000,F,50000
SP-20620,Stefania Perrino,2/10/1970,M,1527724800,M,50000
EC-14050,Erin Creighton,28/12/1951,S,1436572800,F,50000
IG-5085,Ivan Gibson,16/10/1966,S,1471478400,F,50000
TB-21355,Todd Boyes,21/1/1962,S,1476576000,F,60000
MH-17620,Matt Hagelstein,25/10/1979,S,1566086400,M,60000
GT-14755,Guy Thornton,10/4/2001,S,1538265600,F,60000
DF-13135,David Flashing,18/9/1984,S,1426809600,M,60000
AS-240,Alan Shonely,1/8/1976,M,1508630400,M,60000
PG-8820,Patrick Gardner,11/8/1999,M,1539129600,M,60000
JS-6030,Joy Smith,15/9/1952,S,1511740800,F,60000
SS-20590,Sonia Sunley,22/5/2005,M,1456099200,M,40000
CS-2490,Cindy Schnelling,4/6/1959,M,1486512000,M,70000
CM-2715,Craig Molinari,2/8/1978,M,1477872000,F,70000
BM-1140,Becky Martin,27/2/2004,M,1440201600,F,70000
RD-19720,Roger Demir,27/3/1996,S,1475107200,F,40000
LD-17005,Lisa DeCherney,31/8/1981,M,1519948800,F,60000
EB-3705,Ed Braxton,25/4/1981,M,1496188800,F,60000
RH-19555,Ritsa Hightower,25/8/1960,M,1470355200,F,60000
JP-6135,Julie Prescott,9/8/1969,M,1485734400,M,60000
PB-9210,Phillip Breyer,8/12/1999,M,1485907200,M,40000
LC-16960,Lindsay Castell,18/11/1984,S,1461196800,F,70000
JC-15385,Jenna Caffey,28/11/1981,S,1433548800,F,70000
IL-15100,Ivan Liston,24/10/1974,S,1492214400,F,70000
SW-10245,Scot Wooten,7/7/1950,S,1557705600,M,70000
CP-2340,Christine Phan,5/12/2001,S,1445817600,F,60000
NS-18640,Noel Staavos,1/12/1984,M,1462492800,M,60000
TR-21325,Toby Ritter,19/3/1970,S,1482451200,M,60000
NF-8385,Natalie Fritzler,28/7/1973,M,1533513600,M,60000
TZ-21580,Tracy Zic,18/3/1980,M,1461369600,F,60000
TB-11055,Ted Butterfield,7/12/1955,M,1466812800,F,60000
AJ-10795,Anthony Johnson,13/2/1956,M,1489449600,F,60000
GH-14485,Gene Hale,24/3/1951,M,1435622400,M,60000
AG-10300,Aleksandra Gannaway,20/5/1986,M,1442361600,F,60000
EH-3945,Eric Hoffmann,28/2/1972,M,1439251200,M,60000
JD-6150,Justin Deggeller,8/10/1989,M,1427760000,M,60000
KH-16360,Katherine Hughes,1/1/1983,M,1448582400,F,70000
JB-6045,Julia Barnett,30/9/2003,M,1530230400,F,80000
AH-585,Angele Hood,14/12/1956,M,1442188800,M,80000
MS-7530,MaryBeth Skach,2/2/1964,M,1425340800,F,60000
HA-14905,Helen Abelman,4/8/1966,M,1521936000,M,60000
JG-15310,Jason Gross,1/7/1985,M,1472169600,M,60000
CD-1920,Carlos Daly,10/2/1994,S,1561161600,M,60000
TC-21535,Tracy Collins,16/4/1974,M,1527724800,F,70000
PB-9105,Peter Bühler,3/12/1963,M,1424995200,F,70000
AR-10405,Allen Rosenblatt,13/3/1971,M,1548288000,M,90000
NK-18490,Neil Knudson,28/1/1954,M,1478822400,M,90000
MG-7695,Maureen Gnade,8/4/1982,M,1534636800,F,100000
AJ-10945,Ashley Jarboe,1/7/1957,M,1467504000,M,100000
RS-19420,Ricardo Sperren,5/10/2005,M,1482624000,M,100000
SC-20770,Stewart Carmichael,29/6/1961,S,1513728000,M,60000
LM-17065,Liz MacKendrick,6/8/1983,M,1480896000,F,80000
DP-13000,Darren Powers,19/9/1981,S,1528934400,F,80000
RD-9660,Robert Dilbeck,23/5/1971,S,1480464000,M,90000
LB-16735,Larry Blacks,21/6/1994,S,1459900800,F,60000
MZ-17515,Mary Zewe,16/9/1978,M,1565654400,M,70000
ER-3855,Elpida Rittenbach,1/2/1967,S,1480118400,F,110000
MS-17710,Maurice Satty,21/10/1976,S,1473120000,F,110000
LC-6960,Lindsay Castell,26/11/1958,S,1524268800,M,110000
GZ-14545,George Zrebassa,27/7/1951,M,1535760000,F,80000
JK-5625,Jim Karlsson,26/8/1959,S,1501459200,F,80000
JJ-15760,Joel Jenkins,4/6/1981,S,1541548800,M,80000
CA-2265,Christina Anderson,3/5/1994,M,1518566400,F,80000
CC-2220,Chris Cortes,18/4/1994,M,1554595200,F,80000
KL-6555,Kelly Lampkin,16/11/1982,M,1539302400,F,80000
CS-2175,Charles Sheldon,14/3/1999,S,1476230400,F,60000
KL-16555,Kelly Lampkin,14/8/1980,M,1442275200,F,60000
RD-9810,Ross DeVincentis,27/2/1974,S,1467417600,F,70000
AJ-945,Ashley Jarboe,12/4/1982,S,1463875200,M,70000
CC-2685,Craig Carroll,22/2/1972,S,1436572800,M,70000
LO-17170,Lori Olson,5/3/1983,S,1451347200,M,70000
DE-13255,Deanra Eno,22/4/1987,M,1454716800,F,60000
RF-9345,Randy Ferguson,12/8/1957,M,1562803200,M,60000
SC-20020,Sam Craven,11/3/1987,S,1464566400,F,60000
DW-13585,Dorothy Wardle,26/11/1951,M,1518220800,M,60000
EM-4065,Erin Mull,25/2/1955,S,1450742400,M,90000
TD-20995,Tamara Dahlen,13/9/1972,M,1505174400,F,60000
BD-11320,Bill Donatelli,2/11/1973,S,1475020800,M,60000
CW-11905,Carl Weiss,20/10/1991,S,1451433600,F,40000
CK-2325,Christine Kargatis,25/5/1987,S,1484438400,M,40000
BP-11095,Bart Pistole,20/9/1993,S,1560902400,F,40000
DV-3465,Dianna Vittorini,9/6/1952,M,1499817600,F,60000
MY-7380,Maribeth Yedwab,14/7/1958,S,1489449600,F,30000
PB-9150,Philip Brown,15/8/1978,M,1508112000,F,20000
AG-10390,Allen Goldenen,11/7/1981,S,1554336000,M,70000
KW-16570,Kelly Williams,21/2/1985,M,1469577600,F,70000
JF-5190,Jamie Frazer,16/12/2000,S,1535673600,M,40000
GB-14575,Giulietta Baptist,11/11/1982,S,1549843200,M,40000
MR-7545,Mathew Reese,12/3/1955,S,1476144000,F,30000
MO-17950,Michael Oakman,19/12/1999,M,1431648000,M,30000
TA-11385,Tom Ashbrook,30/8/1958,M,1464480000,M,30000
JM-5655,Jim Mitchum,8/4/1989,M,1481068800,M,60000
JS-5880,John Stevenson,9/6/1981,S,1534982400,M,60000
HP-14815,Harold Pawlan,1/12/1974,M,1551571200,M,100000
CS-12400,Christopher Schild,20/7/1997,S,1449792000,M,60000
DE-3255,Deanra Eno,9/2/1983,M,1432252800,M,20000
JD-6015,Joy Daniels,4/5/1961,M,1493337600,F,20000
CR-2730,Craig Reiter,8/11/1971,S,1564185600,F,30000
RC-9960,Ryan Crowe,2/10/1960,M,1512604800,M,20000
AO-10810,Anthony O'Donnell,18/6/2001,S,1560384000,F,30000
TB-11250,Tim Brockman,31/12/1968,S,1550361600,F,30000
RA-9285,Ralph Arnett,30/5/1972,M,1439683200,F,30000
MG-8205,Mitch Gastineau,7/8/1980,S,1513641600,F,70000
MY-8295,Muhammed Yedwab,16/12/1996,M,1539302400,F,70000
SR-20425,Sharelle Roach,21/6/1981,M,1467936000,F,40000
BT-1530,Bradley Talbott,5/3/1974,S,1518912000,M,80000
LS-7245,Lynn Smith,8/6/1998,S,1518220800,F,40000
AB-10255,Alejandro Ballentine,28/4/1967,M,1473465600,M,60000
TH-21115,Thea Hudgings,19/5/1978,S,1544745600,M,60000
LC-6885,Lena Creighton,8/9/1994,S,1470096000,F,40000
AC-660,Anna Chung,7/6/1960,S,1477094400,F,60000
EM-14095,Eudokia Martin,12/3/1969,S,1485129600,M,70000
BO-11350,Bill Overfelt,15/2/1961,S,1543276800,F,70000
DM-3015,Darrin Martin,2/6/1966,S,1515542400,F,70000
DD-13570,Dorothy Dickinson,23/7/1979,S,1538870400,F,70000
KN-16705,Kristina Nunn,16/9/1993,S,1531958400,F,60000
HM-14980,Henry MacAllister,16/4/2003,M,1427760000,M,80000
FM-4215,Filia McAdams,6/10/1951,S,1462665600,M,70000
JO-15145,Jack O'Briant,5/7/1991,S,1422662400,F,70000
TC-11535,Tracy Collins,15/5/2003,S,1525046400,M,70000
JK-15205,Jamie Kunitz,19/4/2003,S,1534032000,F,80000
DA-3450,Dianna Arnett,24/8/2005,S,1499212800,F,130000
DB-12910,Daniel Byrd,29/3/2005,S,1540425600,M,130000
EH-4005,Erica Hernandez,12/11/2004,S,1518220800,F,80000
DN-13690,Duane Noonan,24/8/1987,S,1458864000,F,80000
AS-10135,Adrian Shami,10/9/1976,M,1460678400,F,60000
MC-18130,Mike Caudle,11/12/1958,S,1484438400,F,60000
MM-18280,Muhammed MacIntyre,1/2/1976,S,1503446400,M,60000
RL-9615,Rob Lucas,31/7/1952,S,1552608000,F,60000
MA-7560,Matt Abelman,27/8/1977,S,1553126400,F,120000
HG-4845,Harry Greene,27/1/2000,M,1542153600,F,130000
PB-8805,Patrick Bzostek,20/1/1969,M,1562630400,M,130000
RW-19630,Rob Williams,7/11/1978,M,1498694400,M,80000
BT-11440,Bobby Trafton,12/9/1966,S,1526256000,F,60000
JC-5385,Jenna Caffey,5/1/2004,S,1428710400,F,60000
HR-4770,Hallie Redmond,23/12/1970,S,1494547200,F,60000
DB-3615,Doug Bickford,20/5/2003,M,1529107200,F,70000
JK-6120,Julie Kriz,15/11/1989,M,1501804800,M,80000
SW-20455,Shaun Weien,12/2/1961,M,1435017600,F,80000
GH-4425,Gary Hwang,15/5/1990,S,1473552000,M,70000
GB-4575,Giulietta Baptist,14/4/1962,M,1526169600,F,90000
PA-19060,Pete Armstrong,4/7/1999,S,1488326400,F,70000
CA-2775,Cynthia Arntzen,7/10/1950,S,1489881600,F,70000
CV-12295,Christina VanderZanden,30/3/2000,S,1478476800,F,70000
PO-9180,Philisse Overcash,14/10/1977,M,1532217600,M,60000
NC-18535,Nick Crebassa,16/2/2005,S,1521676800,F,60000
GZ-4470,Gary Zandusky,22/9/1952,S,1536019200,F,60000
AM-360,Alice McCarthy,3/3/1977,S,1508889600,F,110000
AA-480,Andrew Allen,30/11/1995,M,1544572800,M,60000
TB-21595,Troy Blackwell,13/3/1960,S,1421712000,F,60000
KH-16630,Ken Heidel,25/6/1967,M,1528934400,F,60000
TS-21655,Trudy Schmidt,17/11/1996,M,1460851200,F,60000
CD-11980,Carol Darley,6/3/1969,M,1468627200,M,60000
DB-13360,Dennis Bolton,5/9/1992,S,1500854400,F,70000
SK-9990,Sally Knutson,1/11/1981,S,1529971200,F,80000
PT-19090,Pete Takahito,11/11/1956,S,1472515200,F,70000
EH-13990,Erica Hackney,16/11/1987,S,1503187200,F,70000
ME-17725,Max Engle,10/6/1973,S,1426982400,M,70000
ZD-21925,Zuschuss Donatelli,7/12/2000,M,1463616000,M,60000
MW-8235,Mitch Willingham,27/4/1983,M,1491091200,M,70000
BP-11050,Barry Pond,26/8/1955,M,1523491200,F,60000
RC-19960,Ryan Crowe,1/2/1981,M,1515628800,F,70000
PN-8775,Parhena Norris,9/3/1965,S,1550620800,F,80000
CB-12535,Claudia Bergmann,19/5/2003,M,1548288000,M,80000
LR-7035,Lisa Ryan,5/12/1959,S,1491264000,F,30000
JG-5160,James Galang,23/3/1976,M,1480896000,F,60000
SC-10845,Sung Chung,27/6/1951,S,1527120000,F,30000
DK-13225,Dean Katz,10/3/1977,M,1550707200,M,10000
CG-2520,Claire Gute,30/3/1962,S,1547856000,M,30000
RS-19870,Roy Skaria,5/5/1960,S,1425254400,F,40000
DK-2835,Damala Kotsonis,14/11/1965,M,1534377600,M,40000
CM-2385,Christopher Martinez,8/11/1971,M,1516838400,M,30000
JE-5745,Joel Eaton,19/5/1974,S,1472342400,F,30000
CA-1965,Carol Adams,28/9/1967,M,1462233600,F,30000
Dl-3600,Dorris liebe,9/6/1990,S,1447804800,F,10000
DL-2865,Dan Lawera,19/3/1971,S,1474675200,M,40000
CM-2445,Chuck Magee,25/5/1978,S,1505520000,M,30000
DB-13270,Deborah Brumfield,26/12/1963,S,1525737600,M,40000
EB-4110,Eugene Barchas,29/10/1991,M,1479340800,M,40000
BD-11620,Brian DeCherney,2/10/1952,M,1493424000,M,40000
MN-7935,Michael Nguyen,4/5/1997,M,1473465600,F,40000
DB-2910,Daniel Byrd,4/3/1973,S,1544832000,F,30000
LH-7155,Logan Haushalter,11/9/2003,M,1494028800,M,30000
JS-5940,Joni Sundaresam,13/9/1956,S,1524009600,F,40000
GH-4410,Gary Hansen,31/5/2003,S,1536969600,M,30000
SC-10380,Shahid Collister,2/11/1955,S,1427932800,M,30000
SL-10155,Sara Luxemburg,3/10/1988,S,1426204800,F,40000
EK-3795,Eileen Kiefer,4/3/1975,M,1526083200,M,40000
PH-8790,Patricia Hirasaki,8/4/1987,M,1451865600,M,40000
HD-4785,Harold Dahlen,6/4/1981,M,1495670400,F,40000
CM-2190,Charlotte Melton,21/12/1950,S,1523318400,F,40000
AR-570,Anemone Ratner,23/9/1956,S,1535328000,M,40000
BT-1305,Beth Thompson,29/1/2003,M,1475452800,M,70000
MH-7785,Maya Herman,4/9/1963,M,1421452800,M,40000
SC-10260,Scott Cohen,6/3/1966,M,1503360000,M,40000
LW-7125,Liz Willingham,9/6/1970,M,1562457600,M,40000
SM-10905,Susan MacKendrick,24/6/1965,M,1513382400,M,40000
TT-21265,Tim Taslimi,5/2/1970,S,1511049600,F,40000
EJ-3720,Ed Jacobs,20/4/1966,S,1515196800,M,40000
RS-9765,Roland Schwarz,8/2/1960,S,1464307200,F,40000
EM-4095,Eudokia Martin,22/10/1972,S,1495065600,F,40000
AJ-10960,Astrea Jones,4/10/1977,S,1496448000,F,70000
BD-1770,Bryan Davis,1/5/1950,S,1456012800,F,80000
BE-1410,Bobby Elias,31/12/1998,S,1503792000,M,110000
KC-6255,Karen Carlisle,2/11/1996,S,1448928000,M,120000
DV-3045,Darrin Van Huff,9/12/1992,S,1425686400,F,120000
JD-5895,Jonathan Doherty,22/5/1985,S,1464998400,M,130000
JM-5865,John Murray,14/4/2000,M,1539043200,M,90000
JK-5205,Jamie Kunitz,23/6/1993,M,1516838400,F,90000
CL-2700,Craig Leslie,8/3/1969,M,1508803200,M,120000
GG-4650,Greg Guthrie,1/10/1971,M,1485561600,F,120000
LS-6945,Linda Southworth,9/12/1989,M,1542067200,F,130000
JL-5850,John Lucas,23/11/1977,M,1558224000,M,130000
VP-11760,Victoria Pisteka,23/9/1989,S,1421539200,M,150000
NF-8595,Nicole Fjeld,15/3/1990,M,1544659200,M,160000
LE-16810,Laurel Elliston,8/7/2002,M,1423699200,M,70000
JJ-5445,Jennifer Jackson,10/5/1993,M,1463356800,M,70000
CS-2130,Chad Sievert,28/1/1964,S,1441929600,M,70000
BM-1575,Brendan Murry,24/5/1972,M,1508976000,M,70000
AC-615,Ann Chong,27/11/1994,M,1427846400,M,70000
HG-5025,Hunter Glantz,28/10/1961,S,1460851200,M,70000
TB-11400,Tom Boeckenhauer,28/6/1959,S,1442361600,F,70000
RB-9330,Randy Bradley,20/5/1994,M,1522022400,M,70000
JP-5460,Jennifer Patt,22/1/1982,M,1502755200,M,70000
JL-5175,James Lanier,26/12/1975,M,1481932800,M,70000
AA-315,Alex Avila,16/9/1956,M,1456444800,M,70000
TS-11370,Todd Sumrall,1/5/1955,M,1531094400,M,70000
SS-10140,Saphhira Shifley,23/11/1970,S,1535500800,F,70000
DP-3000,Darren Powers,27/11/1959,S,1486339200,M,60000
JS-5685,Jim Sink,5/2/1960,M,1501459200,F,70000
PW-19240,Pierre Wener,16/1/1981,S,1469318400,F,70000
NW-8400,Natalie Webber,21/10/1978,M,1459814400,M,60000
TS-11340,Toby Swindell,19/8/1987,M,1513123200,M,60000
JH-5985,Joseph Holt,7/7/1990,S,1518134400,F,60000
NG-8355,Nat Gilpin,31/7/2004,S,1538956800,F,60000
FP-14320,Frank Preis,8/10/1970,M,1500249600,F,70000
SH-20395,Shahid Hopkins,4/8/1974,M,1525219200,F,70000
JP-16135,Julie Prescott,2/3/1974,M,1520294400,M,60000
JM-5250,Janet Martin,14/12/1981,M,1556064000,M,60000
MA-7995,Michelle Arnett,6/7/1968,S,1548979200,F,60000
DR-2940,Daniel Raglin,21/2/1999,S,1461283200,M,70000
BF-1020,Barry Französisch,6/2/1956,S,1558915200,F,70000
CS-2400,Christopher Schild,5/12/2003,M,1546992000,M,70000
JM-15535,Jessica Myrick,8/3/1985,M,1495670400,F,40000
JS-15940,Joni Sundaresam,3/1/1957,M,1485561600,M,40000
AF-870,Art Ferguson,21/6/2002,M,1461369600,M,40000
NP-8670,Nora Paige,4/9/1987,M,1461110400,M,60000
SU-10665,Stephanie Ulpright,21/1/1989,M,1545436800,F,60000
RD-9585,Rob Dowd,14/12/1966,M,1469836800,M,60000
TP-21565,Tracy Poddar,2/4/1970,M,1527724800,F,60000
LA-6780,Laura Armstrong,17/12/1988,S,1451952000,M,60000
LH-7020,Lisa Hazard,3/10/1966,S,1447113600,F,60000
JE-5475,Jeremy Ellison,9/6/1985,S,1556755200,F,60000
ES-4080,Erin Smith,21/10/1993,S,1499212800,M,60000
EM-4140,Eugene Moren,6/12/1976,S,1556323200,M,70000
DS-13030,Darrin Sayre,4/9/1986,M,1558224000,M,70000
ZD-11925,Zuschuss Donatelli,14/2/1992,M,1557014400,F,70000
JO-5550,Jesus Ocampo,20/11/1967,M,1463788800,F,70000
TB-11595,Troy Blackwell,24/2/1975,S,1422316800,F,70000
GM-4500,Gene McClure,11/12/1952,M,1522368000,M,40000
DD-3570,Dorothy Dickinson,13/8/1990,M,1530662400,M,40000
FH-4365,Fred Hopkins,29/7/2003,M,1527638400,M,60000
MK-18160,Mike Kennedy,12/3/1979,S,1534723200,F,60000
NM-8445,Nathan Mautz,13/6/2005,M,1514332800,F,60000
JF-5355,Jay Fein,9/6/1970,M,1436227200,F,60000
BF-975,Barbara Fisher,26/6/1952,M,1469750400,F,70000
SS-20875,Sung Shariari,8/7/1966,M,1469664000,M,70000
PF-9165,Philip Fox,27/3/2005,M,1538265600,M,70000
SV-10365,Seth Vernon,25/4/1981,S,1472688000,F,70000
BB-10990,Barry Blumstein,21/6/1964,S,1491609600,F,70000
PW-9240,Pierre Wener,25/1/2003,M,1431648000,M,60000
JF-15490,Jeremy Farry,15/3/1972,M,1432080000,F,60000
CW-1905,Carl Weiss,6/5/2004,M,1467504000,M,60000
LC-7140,Logan Currie,18/5/1992,M,1496620800,M,60000
HK-4890,Heather Kirkland,9/4/1984,S,1511654400,M,60000
BT-1440,Bobby Trafton,21/12/1984,M,1494806400,F,70000
RD-19810,Ross DeVincentis,17/9/1953,M,1478995200,M,170000
KL-6645,Ken Lonsdale,13/12/1986,S,1534550400,F,110000
VG-11805,Vivek Grady,12/12/2003,M,1529625600,F,130000
PF-9225,Phillip Flathmann,19/10/2005,M,1554768000,F,150000
AB-15,Aaron Bergman,5/1/1975,M,1522454400,F,100000
LW-6990,Lindsay Williams,5/11/1961,M,1432166400,F,120000
PS-8970,Paul Stevenson,31/12/1983,M,1446508800,F,120000
LW-17125,Liz Willingham,27/4/1998,S,1454112000,F,120000
MC-7590,Matt Collister,6/2/1976,M,1520553600,M,90000
JO-15550,Jesus Ocampo,11/2/1982,M,1434240000,F,110000
SJ-10125,Sanjit Jacobs,3/4/1973,M,1510012800,F,130000
SS-20515,Shirley Schmidt,20/12/1965,M,1439942400,M,170000
RB-19645,Robert Barroso,7/9/2000,M,1546732800,M,90000
BP-1050,Barry Pond,29/1/1998,M,1561420800,M,30000
PG-8895,Paul Gonzalez,18/9/1993,M,1435190400,M,90000
RM-19750,Roland Murray,22/11/1981,M,1565913600,M,70000
KM-6225,Kalyca Meade,9/7/2005,M,1515801600,M,70000
AH-120,Adrian Hane,25/9/1990,S,1485475200,M,90000
BM-1785,Bryan Mills,10/7/1960,S,1551830400,F,90000
NR-8550,Nick Radford,13/12/1952,S,1531180800,F,100000
EB-14170,Evan Bailliet,25/3/1968,M,1457740800,M,100000
PB-19150,Philip Brown,22/11/2003,M,1492992000,F,100000
TP-11130,Theone Pippenger,7/5/1958,M,1528848000,M,100000
KN-6450,Kean Nguyen,20/6/1967,S,1463270400,M,110000
RD-9720,Roger Demir,28/7/1973,M,1463788800,F,80000
RS-9870,Roy Skaria,24/5/2005,S,1546646400,F,100000
EB-3840,Ellis Ballard,15/3/1998,M,1548892800,F,100000
TC-21475,Tony Chapman,18/2/1966,M,1549238400,M,130000
BH-1710,Brosina Hoffman,16/8/1951,M,1560470400,M,130000
MH-7620,Matt Hagelstein,19/1/1997,M,1552521600,M,130000
PT-9090,Pete Takahito,21/10/1969,S,1513036800,F,70000
DC-2850,Dan Campbell,5/12/1950,S,1439337600,F,80000
AG-900,Arthur Gainer,28/3/1966,S,1427673600,F,80000
DC-12850,Dan Campbell,24/3/1978,M,1515283200,F,70000
JF-5565,Jill Fjeld,20/12/1957,M,1530835200,M,120000
SR-10740,Steven Roelle,29/9/1993,M,1422230400,M,80000
MK-7905,Michael Kennedy,8/2/1971,M,1536969600,F,80000
JK-5370,Jay Kimmel,7/3/1963,S,1448841600,F,90000
GM-4680,Greg Matthias,5/2/1950,M,1503446400,F,100000
PC-9000,Pauline Chand,7/11/1962,S,1538006400,M,120000
DL-3315,Delfina Latchford,27/11/1955,S,1516752000,M,150000
JL-5235,Janet Lee,27/6/1954,M,1535328000,M,150000
BB-990,Barry Blumstein,19/7/2001,M,1500336000,M,80000
RP-9390,Resi Pölking,13/4/1961,M,1478476800,M,80000
ES-4020,Erica Smith,6/6/1962,S,1437609600,M,100000
MH-7455,Mark Hamilton,20/9/1957,M,1452729600,M,80000
JD-5790,John Dryer,7/8/1961,S,1455062400,F,120000
DB-3270,Deborah Brumfield,26/6/2002,M,1450051200,F,130000
PK-9075,Pete Kriz,30/11/1950,S,1441324800,F,130000
NM-8520,Neoma Murray,7/2/1962,S,1423440000,M,130000
MO-7500,Mary O'Rourke,17/2/1988,M,1487721600,M,130000
SG-10890,Susan Gilcrest,27/2/1986,M,1463356800,M,170000
MF-8250,Monica Federle,9/6/1989,S,1528934400,M,60000
JG-5310,Jason Gross,28/8/1988,S,1480032000,M,60000
YS-11880,Yana Sorensen,3/1/1961,S,1561334400,M,70000
FC-4245,Frank Carlisle,30/10/1999,M,1438560000,M,80000
BW-1110,Bart Watters,25/4/1990,S,1490227200,F,50000
BS-1590,Brendan Sweed,7/8/1986,S,1450656000,F,50000
CS-2460,Chuck Sachs,13/12/1998,M,1519344000,F,130000
MH-7290,Marc Harrigan,25/7/1972,M,1421280000,F,70000
KE-6420,Katrina Edelman,27/2/1981,M,1446940800,F,80000
AJ-780,Anthony Jacobs,25/7/1960,M,1475712000,M,100000
MM-7920,Michael Moore,6/9/2000,S,1560211200,F,100000
ML-8265,Muhammed Lee,17/1/1954,S,1503014400,M,100000
RR-9315,Ralph Ritter,5/1/1996,M,1556668800,M,100000
JF-5490,Jeremy Farry,17/11/1959,S,1537488000,F,110000
AG-765,Anthony Garverick,7/11/1972,M,1496275200,F,130000
DS-3030,Darrin Sayre,19/5/1972,S,1451433600,M,170000
AH-75,Adam Hart,26/7/1951,M,1483488000,F,60000
NB-18580,Nicole Brennan,25/3/1965,S,1543536000,F,60000
KD-6270,Karen Daniels,25/3/1996,S,1546732800,M,70000
MJ-7740,Max Jones,23/5/2005,S,1433808000,F,70000
DM-3525,Don Miller,30/5/1956,S,1457913600,F,70000
GH-4665,Greg Hansen,5/5/1998,S,1518220800,F,70000
RM-9675,Robert Marley,7/10/1990,M,1481760000,M,70000
TS-11610,Troy Staebel,12/5/1995,M,1515974400,M,60000
PR-8880,Patrick Ryan,28/8/1984,S,1536537600,F,40000
HP-4815,Harold Pawlan,23/11/1983,M,1500336000,M,70000
EC-4050,Erin Creighton,10/12/1968,M,1503532800,F,100000
BF-1005,Barry Franz,5/8/2001,M,1454544000,M,100000
SC-10050,Sample Company A,25/7/1981,M,1530921600,M,120000
DM-3345,Denise Monton,30/11/1987,M,1456444800,M,120000
CD-2280,Christina DeMoss,15/12/1994,S,1446940800,F,130000
BP-1095,Bart Pistole,15/8/2003,M,1478908800,F,90000
TC-11475,Tony Chapman,14/6/1964,S,1534377600,M,80000
DW-3540,Don Weiss,25/8/1965,M,1552003200,F,130000
BE-1455,Brad Eason,2/4/1970,M,1536710400,F,130000
AH-195,Alan Haines,28/12/1972,M,1506124800,M,10000
DO-3645,Doug O'Connell,7/4/1971,M,1532304000,M,10000
CA-2055,Cathy Armstrong,19/11/1993,M,1562198400,F,10000
LP-7080,Liz Pelletier,17/3/1951,M,1548720000,M,10000
BN-1515,Bradley Nguyen,17/3/1974,M,1525046400,F,20000
NK-8490,Neil Knudson,13/6/1966,M,1528329600,F,20000
AR-510,Andrew Roberts,10/9/1982,M,1531353600,M,20000
VM-11835,Vivian Mathis,22/7/2000,M,1487203200,M,10000
TH-11115,Thea Hudgings,18/7/1956,M,1557964800,M,10000
AB-165,Alan Barnes,9/4/1993,M,1454976000,M,10000
LB-6735,Larry Blacks,24/9/1961,M,1493510400,F,10000
GA-4515,George Ashbrook,11/2/1959,M,1561161600,F,20000
DJ-3630,Doug Jacobs,7/4/1989,M,1540857600,F,20000
LT-6765,Larry Tron,7/3/1960,M,1450656000,F,20000
SG-10080,Sandra Glassco,13/1/1996,M,1557446400,M,20000
TB-11175,Thomas Boland,24/10/1985,M,1526256000,F,20000
AP-915,Arthur Prichep,24/12/1961,M,1442102400,F,10000
ON-8715,Odella Nelson,8/3/1967,M,1473811200,F,10000
SB-10290,Sean Braxton,18/9/1992,M,1565049600,F,20000
AJ-795,Anthony Johnson,29/2/1972,M,1430092800,F,10000
TP-11565,Tracy Poddar,24/9/1987,M,1444953600,M,10000
ML-8040,Michelle Lonsdale,8/9/1959,S,1468454400,F,10000
LC-6870,Lena Cacioppo,27/7/1984,S,1511395200,M,10000
AB-105,Adrian Barton,21/10/1958,M,1562457600,M,10000
AW-840,Anthony Witt,22/7/1993,M,1518652800,M,10000
JO-5280,Jas O'Carroll,13/11/1952,M,1563408000,F,30000
ME-7320,Maria Etezadi,19/5/1983,M,1510531200,F,20000
SW-10455,Shaun Weien,28/8/1999,M,1544659200,F,20000
LP-7095,Liz Preis,19/7/1952,M,1461628800,F,30000
DW-3195,David Wiener,10/6/1964,M,1454025600,M,30000
SC-10770,Stewart Carmichael,13/9/1973,S,1447200000,M,10000
HE-4800,Harold Engle,20/4/1982,S,1475020800,F,10000
DL-3495,Dionis Lloyd,12/9/1996,S,1468713600,M,10000
EJ-4155,Eva Jacobs,5/12/1965,S,1541462400,F,10000
JH-6180,Justin Hirsh,19/12/1977,M,1436918400,F,20000
DK-3150,David Kendrick,27/4/1983,S,1472083200,M,10000
XP-11865,Xylona Preis,8/3/1973,M,1478390400,M,10000
KT-6480,Kean Thornton,25/8/1990,S,1462838400,F,20000
MB-8085,Mick Brown,28/6/1963,S,1446336000,M,10000
AR-345,Alex Russell,10/10/1963,M,1563494400,M,20000
BD-1320,Bill Donatelli,21/2/1995,S,1550188800,F,10000
DP-3165,David Philippe,22/3/1997,M,1485993600,M,20000
KD-6495,Keith Dawkins,23/12/2001,M,1431129600,M,20000
CK-2595,Clytie Kelty,21/10/1997,S,1529020800,F,20000
SB-10170,Sarah Bern,8/10/2003,S,1445126400,M,20000
JJ-5760,Joel Jenkins,28/11/1970,S,1475366400,F,20000
GH-4485,Gene Hale,15/8/1989,M,1543881600,F,20000
DB-3555,Dorothy Badders,26/3/1956,M,1500422400,M,30000
LB-6795,Laurel Beltran,12/11/1988,M,1545350400,F,30000
KT-6465,Kean Takahito,21/5/1955,M,1452124800,F,30000
GA-4725,Guy Armstrong,10/8/1964,M,1476662400,F,30000
DK-3090,Dave Kipp,10/4/1970,M,1503964800,F,10000
SS-10590,Sonia Sunley,13/12/2002,M,1533427200,F,20000
SD-10485,Shirley Daniels,28/5/2004,S,1528156800,M,20000
TS-21085,Thais Sissman,27/1/1989,S,1506556800,M,20000
RA-9945,Ryan Akin,21/4/1982,S,1428969600,M,10000
JO-5145,Jack O'Briant,25/12/1988,M,1550880000,F,20000
LW-7215,Luke Weiss,1/9/1968,S,1432857600,M,20000
RB-9645,Robert Barroso,22/11/1950,M,1455753600,M,30000
MV-7485,Mark Van Huff,15/9/1985,M,1558569600,M,30000
BW-1200,Ben Wallace,16/5/1978,S,1544227200,F,30000
CC-2610,Corey Catlett,23/4/1987,M,1444694400,M,30000
BD-1560,Brendan Dodson,15/12/1966,M,1448150400,M,40000
CS-2505,Cindy Stewart,20/8/1995,M,1557705600,M,30000
VT-11700,Valerie Takahito,23/4/1981,S,1529971200,M,10000
MC-7845,Michael Chen,2/4/1957,S,1423785600,F,20000
KH-6690,Kristen Hastings,1/4/1956,M,1540166400,F,30000
VS-11820,Vivek Sundaresam,9/2/1975,S,1429747200,F,10000
NF-8475,Neil Französisch,28/6/1967,S,1503187200,F,10000
TB-11190,Thomas Brumley,10/2/1989,M,1495152000,M,30000
TS-11205,Thomas Seio,7/6/1991,M,1511136000,F,30000
TD-10995,Tamara Dahlen,6/3/2001,M,1509148800,F,40000
EB-3750,Edward Becker,6/5/1961,S,1435795200,M,40000
AH-690,Anna Häberlin,8/7/1956,S,1528588800,M,20000
TB-11280,Toby Braunhardt,14/7/1956,M,1445126400,F,30000
AM-705,Anne McFarland,20/12/1951,S,1512000000,F,30000
BD-1620,Brian DeCherney,31/7/1961,S,1426896000,M,40000
KF-6285,Karen Ferguson,22/10/1999,S,1534204800,M,10000
BE-1335,Bill Eplett,4/5/1951,M,1504656000,F,10000
HA-4905,Helen Abelman,23/10/1997,S,1423267200,M,10000
ND-8370,Natalie DeCherney,19/2/1962,S,1493856000,F,10000
AA-645,Anna Andreadi,29/8/1973,S,1468627200,M,90000
CC-2430,Chuck Clark,8/3/2004,M,1473552000,M,130000
PL-8925,Paul Lucas,14/5/1976,M,1530316800,F,130000
SO-10335,Sean O'Donnell,9/2/1994,M,1510012800,M,130000
AY-555,Andy Yotov,9/4/1956,S,1484956800,M,60000
JB-6000,Joy Bell-,19/6/1958,M,1475280000,M,70000
SN-10560,Skye Norling,6/1/2002,S,1429315200,F,80000
AH-465,Amy Hunt,4/6/1985,S,1534032000,F,90000
HW-4935,Helen Wasserman,11/2/1965,M,1423958400,M,150000
MC-7425,Mark Cousins,15/9/1995,S,1421798400,F,80000
BT-1680,Brian Thompson,20/7/1950,S,1440460800,F,100000
MG-7650,Matthew Grinstein,21/8/1952,M,1491868800,M,100000
CB-2415,Christy Brittain,14/8/1980,M,1508544000,F,130000
CK-2760,Cyma Kinney,8/9/1959,S,1531008000,M,130000
AG-330,Alex Grayson,4/11/1996,M,1513814400,M,80000
MK-8160,Mike Kennedy,12/6/2000,M,1443484800,M,80000
NC-8625,Noah Childs,21/6/1957,M,1554336000,M,90000
MO-7950,Michael Oakman,15/2/1951,M,1493424000,F,100000
HF-4995,Herbert Flentye,14/8/1977,S,1447632000,M,130000
SJ-10215,Sarah Jordon,24/5/1952,S,1461024000,F,130000
AO-810,Anthony O'Donnell,2/1/1991,S,1526256000,M,130000
RM-9375,Raymond Messe,18/10/1953,M,1546473600,M,100000
MM-8055,Michelle Moray,15/10/1993,S,1546992000,M,100000
DN-3690,Duane Noonan,19/7/1952,M,1532390400,F,110000
EB-3930,Eric Barreto,15/2/1953,M,1484784000,F,130000
NH-8610,Nicole Hansen,12/3/1955,M,1475625600,M,130000
EL-3735,Ed Ludwig,5/9/1960,M,1473379200,M,150000
PS-8760,Pamela Stobb,21/11/1978,M,1547078400,F,170000
ST-10530,Shui Tom,26/3/1959,M,1495756800,F,90000
RH-9510,Rick Huthwaite,10/12/1998,S,1510876800,F,120000
BD-1605,Brian Dahlen,20/1/1954,M,1521417600,F,70000
SC-10440,Shaun Chance,17/11/1960,M,1481328000,F,80000
CG-2040,Catherine Glotzbach,28/11/1988,M,1493596800,M,80000
TG-11310,Toby Gnade,5/12/2002,S,1564617600,M,90000
FO-4305,Frank Olsen,23/2/1965,M,1545955200,F,130000
CS-1950,Carlos Soltero,12/7/1992,S,1482883200,M,170000
LE-6810,Laurel Elliston,12/6/1978,S,1533945600,M,100000
DR-2880,Dan Reichenbach,17/9/1965,S,1478908800,M,130000
JR-5700,Jocasta Rupert,3/2/2000,S,1541376000,F,170000
MS-7710,Maurice Satty,8/9/2000,M,1431302400,M,100000
PM-8940,Paul MacIntyre,12/6/2003,S,1545004800,F,70000
AZ-750,Annie Zypern,3/3/1981,M,1548201600,M,90000
AA-375,Allen Armold,27/3/1950,M,1473033600,M,90000
FM-4290,Frank Merwin,4/8/2004,M,1472342400,M,130000
CR-2820,Cyra Reiten,17/6/1958,S,1554681600,M,150000
VB-11745,Victoria Brennan,7/1/1995,S,1512259200,M,130000
RH-19600,Rob Haberlin,15/4/1978,S,1431820800,M,70000
KH-6330,Katharine Harms,7/11/1961,S,1486080000,F,70000
ME-7725,Max Engle,4/4/1952,S,1437177600,M,70000
FA-4230,Frank Atkinson,25/10/1996,S,1505088000,F,70000
GM-4455,Gary Mitchum,28/5/1962,M,1524441600,F,80000
KH-6510,Keith Herrera,17/11/1977,M,1449792000,F,70000
CD-2790,Cynthia Delaney,9/8/1973,M,1456444800,F,60000
NB-8580,Nicole Brennan,18/2/1954,S,1426550400,F,80000
CS-2250,Chris Selesnick,8/5/1999,S,1536192000,F,80000
SP-10920,Susan Pistek,22/6/1970,S,1448496000,M,90000
TH-11100,Thea Hendricks,7/12/1993,M,1485820800,F,90000
DC-3285,Debra Catini,4/5/1993,M,1445212800,M,90000
CM-2655,Corinna Mitchell,5/2/1986,S,1535500800,F,90000
RF-9735,Roland Fjeld,25/9/1958,M,1531267200,M,90000
LH-6750,Larry Hughes,17/6/1957,M,1541462400,F,100000
JM-5265,Janet Molinari,15/5/1971,M,1468886400,M,100000
CS-1845,Cari Sayre,14/9/2003,M,1499558400,M,110000
CS-1860,Cari Schnelling,3/6/1955,M,1497398400,M,110000
BT-1485,Brad Thomas,23/2/1995,S,1533081600,F,120000
KB-6240,Karen Bern,1/7/1973,S,1432598400,F,90000
KB-6600,Ken Brennan,19/5/1994,S,1469491200,F,100000
LS-7230,Lycoris Saunders,16/3/1981,M,1534204800,F,100000
MS-7365,Maribeth Schnelling,29/4/1978,M,1443052800,F,130000
BG-1740,Bruce Geld,8/5/1987,S,1531526400,M,130000
HJ-4875,Heather Jas,17/8/2005,M,1449187200,F,160000
LR-6915,Lena Radford,28/11/1959,S,1477180800,M,90000
JW-6075,Julia West,16/7/1952,M,1459296000,F,110000
DJ-3420,Denny Joy,15/12/1992,M,1520208000,F,130000
SP-10650,Stephanie Phelps,26/7/2000,M,1471564800,M,80000
VM-21835,Vivian Mathis,28/3/1999,M,1513641600,F,80000
CM-1815,Candace McMahon,3/11/2003,S,1523577600,F,10000
MH-8025,Michelle Huthwaite,6/6/1987,S,1432598400,M,10000
RD-9480,Rick Duston,20/11/2004,S,1549065600,M,60000
PW-9030,Pauline Webber,2/6/1966,M,1506297600,M,60000
EB-4170,Evan Bailliet,30/6/1980,S,1455321600,F,60000
SM-10950,Suzanne McNair,7/11/2003,S,1552262400,M,60000
NP-8325,Naresj Patel,4/5/1961,S,1539388800,M,30000
MP-8175,Mike Pelletier,5/1/1985,S,1529798400,F,20000
CM-2160,Charles McCrossin,10/11/1974,S,1513814400,M,20000
NP-8700,Nora Preis,9/12/1980,S,1485907200,F,20000
BP-1185,Ben Peterman,1/2/1990,S,1466467200,M,20000
SW-10755,Steven Ward,4/12/1987,S,1541548800,F,30000
AC-450,Amy Cox,2/1/1974,S,1551744000,F,30000
SE-10110,Sanjit Engle,8/8/1970,S,1522713600,M,30000
BS-1365,Bill Shonely,12/8/1983,M,1448236800,M,40000
RM-9750,Roland Murray,23/10/1970,S,1440806400,F,20000
BT-1395,Bill Tyler,3/12/1961,S,1561593600,M,30000
BP-1155,Becky Pak,30/9/1998,M,1552694400,F,40000
GT-4635,Grant Thornton,18/11/1972,M,1473206400,F,40000
CM-1935,Carlos Meador,11/2/2003,S,1492732800,F,20000
RE-9405,Ricardo Emerson,9/4/1991,S,1523318400,F,30000
KS-6300,Karen Seio,4/3/1958,S,1546732800,F,30000
TS-11160,Theresa Swint,12/10/1975,S,1505260800,M,30000
ML-7395,Marina Lichtenstein,3/6/1958,S,1475971200,F,40000
BF-1170,Ben Ferrer,26/7/1959,S,1472342400,F,40000
NS-8640,Noel Staavos,30/5/1995,S,1510185600,F,10000
RB-9570,Rob Beeghly,7/3/2002,S,1529366400,F,20000
FM-4380,Fred McMath,26/6/1957,S,1432339200,F,20000
AG-300,Aleksandra Gannaway,21/9/1993,S,1498953600,M,30000
SW-10350,Sean Wendt,29/8/1988,S,1534550400,F,30000
JR-6210,Justin Ritter,7/6/1984,S,1499212800,M,40000
MD-7350,Maribeth Dona,7/6/1961,S,1437436800,F,40000
ML-7755,Max Ludwig,29/5/1951,S,1424995200,M,40000
HA-4920,Helen Andreada,31/1/1968,S,1503792000,M,40000
AS-45,Aaron Smayling,9/12/1987,S,1562457600,F,40000
BF-1215,Benjamin Farhat,15/1/1967,S,1555632000,M,40000
LH-6900,Lena Hernandez,5/4/1974,S,1490227200,M,40000
DP-3390,Dennis Pardue,25/5/2002,S,1445299200,F,40000
DH-3075,Dave Hallsten,1/10/1958,S,1550707200,M,40000
HM-4860,Harry Marie,8/5/1967,S,1484611200,M,50000
SB-10185,Sarah Brown,18/5/1981,S,1561766400,M,50000
RF-9840,Roy Französisch,12/2/1971,S,1544140800,M,50000
SV-10935,Susan Vittorini,10/2/1965,S,1475366400,F,40000
CS-2355,Christine Sundaresam,3/1/1955,S,1421625600,F,40000
GM-4695,Greg Maxwell,13/8/1971,S,1546041600,M,40000
AT-435,Alyssa Tate,15/4/1959,M,1448323200,F,50000
MC-8130,Mike Caudle,19/10/1975,S,1536710400,M,60000
FP-4320,Frank Preis,2/2/1970,S,1519948800,M,60000
DK-3225,Dean Katz,23/10/1987,S,1426723200,F,60000
VG-11790,Vivek Gonzalez,27/11/1999,S,1546041600,F,60000
LF-7185,Luke Foster,16/4/1989,S,1513123200,F,60000
NC-8535,Nick Crebassa,20/4/1962,S,1515283200,M,20000
DB-3405,Denny Blanton,4/10/1972,M,1454976000,F,30000
MH-8115,Mick Hernandez,18/10/1981,M,1523750400,M,30000
SA-10830,Sue Ann Reed,19/11/1982,M,1510790400,M,30000
JK-5640,Jim Kriz,2/12/1973,M,1462492800,F,30000
VF-11715,Vicky Freymann,16/11/1978,S,1533427200,F,20000
VW-11775,Victoria Wilson,26/2/1967,M,1554768000,F,30000
SN-10710,Steve Nguyen,15/11/1975,M,1460246400,M,30000
MS-7980,Michael Stewart,28/2/1986,M,1429920000,M,40000
AD-180,Alan Dominguez,11/2/1992,M,1424822400,F,40000
MC-8100,Mick Crebagga,3/12/1969,M,1560988800,M,40000
JB-5925,Joni Blumstein,28/3/1950,M,1541980800,M,40000
JC-5340,Jasper Cacioppo,2/5/1952,M,1505865600,F,40000
MF-7665,Maureen Fritzler,7/2/1958,M,1510617600,M,40000
RP-9270,Rachel Payne,20/9/1976,M,1428192000,M,40000
PF-9120,Peter Fuller,25/7/1950,M,1459728000,M,40000
DK-2895,Dana Kaydos,17/8/1979,M,1492473600,M,40000
RW-9630,Rob Williams,27/2/1994,M,1471824000,F,40000
TM-11490,Tony Molinari,2/6/1977,M,1542672000,M,40000
Co-2640,Corey-Lock,5/7/1987,M,1483056000,M,40000
EM-3810,Eleni McCrary,14/12/1994,S,1540080000,F,80000
JK-6090,Juliana Krohn,27/4/1961,M,1506816000,F,40000
JH-5430,Jennifer Halladay,19/7/1950,M,1561939200,M,40000
AR-405,Allen Rosenblatt,4/10/1956,M,1522972800,M,40000
TZ-11580,Tracy Zic,10/7/2002,M,1547769600,F,40000
BG-1035,Barry Gonzalez,6/7/1981,M,1540684800,M,40000
PS-9045,Penelope Sewall,2/7/1972,M,1433376000,F,40000
MS-7770,Maxwell Schwartz,28/9/1950,M,1533859200,M,40000
SS-10875,Sung Shariari,7/9/1999,M,1427846400,F,40000
DB-2970,Darren Budd,4/9/1964,M,1540080000,M,40000
SS-10515,Shirley Schmidt,28/7/2002,S,1437091200,F,60000
AW-930,Arthur Wiediger,16/3/1996,S,1444780800,M,60000
PK-8910,Paul Knutson,28/4/2005,M,1478995200,M,60000
GM-4440,Gary McGarr,19/10/1969,S,1550275200,F,60000
CY-2745,Craig Yedwab,14/7/1988,M,1463356800,M,60000
RW-9690,Robert Waldorf,14/6/1980,S,1431129600,F,60000
CC-2100,Chad Cunningham,7/6/1960,M,1531526400,M,60000
KD-6345,Katherine Ducich,10/1/2001,M,1441497600,M,60000
KN-6390,Katherine Nockton,12/8/1952,M,1472169600,M,60000
GT-4710,Greg Tran,12/11/1979,S,1554163200,F,60000
TS-11085,Thais Sissman,13/6/1976,M,1471132800,F,30000
RR-9525,Rick Reed,9/8/1985,S,1504310400,F,30000
MT-7815,Meg Tillman,29/11/1972,S,1524787200,F,30000
JA-5970,Joseph Airdo,27/1/1986,M,1500336000,F,40000
CB-2535,Claudia Bergmann,22/7/1974,M,1486944000,M,40000
AP-720,Anne Pryor,29/1/1961,M,1474675200,M,40000
SP-10860,Sung Pak,3/3/1951,S,1536969600,M,10000
IL-5100,Ivan Liston,11/10/2001,M,1539734400,F,20000
VD-11670,Valerie Dominguez,16/4/1994,M,1513382400,M,20000
EH-3765,Edward Hooks,10/6/1950,S,1531008000,F,20000
BS-1755,Bruce Stewart,28/1/1993,M,1474588800,M,30000
HL-5040,Hunter Lopez,10/10/1990,M,1450569600,M,20000
CA-2310,Christine Abelman,9/10/1954,M,1476921600,F,20000
AC-420,Alyssa Crouse,8/7/1963,M,1551225600,F,40000
CC-2145,Charles Crestani,30/7/1996,M,1560816000,M,30000
KB-6585,Ken Black,16/8/1962,M,1562371200,M,30000
JG-5115,Jack Garza,9/2/1957,M,1521504000,F,30000
GK-4620,Grace Kelly,20/10/1955,S,1456272000,M,10000
FW-4395,Fred Wasserman,5/12/1959,S,1537228800,M,20000
VM-11685,Valerie Mitchum,25/12/1958,M,1490140800,F,20000
RB-9360,Raymond Buch,7/7/1985,S,1490832000,M,20000
AG-495,Andrew Gjertsen,13/12/1971,M,1565481600,F,30000
IM-5070,Irene Maddox,11/8/2001,S,1538956800,F,10000
MC-7635,Matthew Clasen,25/5/1989,S,1452816000,M,10000
SH-10635,Stefanie Holloman,24/3/1959,S,1511481600,M,10000
KC-6540,Kelly Collister,19/4/1962,S,1451865600,F,20000
QJ-9255,Quincy Jones,10/4/1960,S,1461542400,F,20000
JK-5325,Jason Klamczynski,12/7/1989,S,1560211200,F,20000
AI-855,Arianne Irving,8/6/2002,S,1565049600,F,20000
SC-10095,Sanjit Chand,17/11/2004,S,1491609600,M,20000
CT-1995,Carol Triggs,19/6/1977,S,1562630400,M,20000
PJ-8835,Patrick Jones,13/8/2001,M,1493596800,M,40000
JM-6195,Justin MacKendrick,1/10/1996,M,1511740800,F,40000
CV-2295,Christina VanderZanden,17/12/2005,M,1506729600,M,40000
DB-3120,David Bremer,4/2/1950,S,1481241600,F,60000
NL-8310,Nancy Lomonaco,27/2/1960,M,1500249600,M,40000
BB-1545,Brenda Bowman,24/3/1998,M,1522886400,F,30000
BV-1245,Benjamin Venier,16/10/1960,S,1482019200,M,30000
BS-1380,Bill Stewart,1/4/2002,M,1459036800,F,40000
KA-6525,Kelly Andreada,11/3/2004,M,1441584000,F,40000
RB-9795,Ross Baird,29/8/1992,M,1455494400,M,40000
EP-3915,Emily Phan,2/2/1957,S,1429660800,F,20000
JS-5595,Jill Stevenson,11/1/1963,S,1456617600,F,30000
JE-5610,Jim Epp,12/6/1979,S,1424131200,M,30000
CJ-1875,Carl Jackson,28/10/1978,S,1539648000,M,30000
TH-11550,Tracy Hopkins,25/4/1977,S,1460764800,F,30000
HR-4830,Harold Ryan,17/1/1981,M,1522022400,M,40000
KC-6675,Kimberly Carter,2/12/1963,M,1521158400,M,40000
LS-7200,Luke Schmidt,1/9/1966,M,1495670400,M,40000
DL-2925,Daniel Lacy,7/12/1969,M,1444176000,M,30000
WB-11850,William Brown,26/9/2004,M,1532563200,F,40000
SJ-10500,Shirley Jackson,4/11/1992,M,1493683200,M,40000
DF-3135,David Flashing,16/4/2005,M,1463875200,M,40000
SZ-10035,Sam Zeldin,9/3/1990,S,1482883200,M,30000
CK-2205,Chloris Kastensmidt,7/11/1962,M,1433376000,F,30000
TM-11010,Tamara Manning,19/3/1989,S,1564358400,M,30000
FC-4335,Fred Chung,6/6/1955,S,1440979200,F,30000
GB-4530,George Bell,5/11/1959,S,1452902400,F,30000
BF-1275,Beth Fritzler,11/6/1958,S,1468368000,F,30000
NB-8655,Nona Balk,22/10/1958,S,1435536000,F,30000
EH-3990,Erica Hackney,12/2/1992,S,1537574400,F,30000
SP-10545,Sibella Parks,9/2/2002,S,1519344000,M,30000
Dp-3240,Dean percer,20/1/2001,S,1525392000,M,20000
LW-6825,Laurel Workman,25/4/1953,S,1476748800,F,10000
EN-3780,Edward Nazzal,20/11/1978,S,1506816000,F,20000
TZ-11445,Tom Zandusky,2/11/1957,S,1539129600,M,20000
KD-6615,Ken Dana,23/6/1951,S,1500336000,F,30000
LD-7005,Lisa DeCherney,26/4/2001,M,1430092800,F,40000
CL-1890,Carl Ludwig,11/7/1950,M,1429747200,F,40000
HG-4965,Henry Goldwyn,15/3/1952,M,1453939200,M,60000
BO-1350,Bill Overfelt,16/1/1968,S,1516406400,M,60000
YC-11895,Yoseph Carroll,18/3/1979,M,1461024000,M,60000
JM-5535,Jessica Myrick,22/7/1960,S,1512172800,F,40000
RA-9885,Ruben Ausman,5/8/1972,S,1527811200,F,40000
KM-6660,Khloe Miller,15/2/1963,M,1514332800,M,50000
DW-3585,Dorothy Wardle,20/4/1987,M,1441497600,M,170000
TS-11655,Trudy Schmidt,14/9/1952,M,1517702400,F,10000
RK-9300,Ralph Kennedy,17/3/1999,S,1446249600,M,10000
SC-10020,Sam Craven,20/6/1979,M,1504656000,M,10000
AG-390,Allen Goldenen,2/8/1997,M,1489363200,M,10000
AT-735,Annie Thurman,13/9/1981,M,1456531200,F,20000
JW-5955,Joni Wasserman,2/9/1995,S,1471737600,M,20000
AF-885,Art Foster,9/6/1968,M,1429401600,M,30000
KB-6405,Katrina Bavinger,30/8/1969,M,1456531200,M,30000
BP-1290,Beth Paige,14/7/1968,M,1494460800,M,30000
OT-8730,Olvera Toch,23/8/2004,M,1489708800,M,10000
LS-6975,Lindsay Shagiari,25/5/1977,M,1533427200,M,10000
GD-4590,Giulietta Dortch,14/3/1999,M,1534896000,M,10000
MP-7965,Michael Paige,26/2/1955,S,1499990400,M,20000
DS-3180,David Smith,23/10/1956,M,1506038400,M,20000
ED-3885,Emily Ducich,9/2/1976,S,1508112000,F,10000
NZ-8565,Nick Zandusky,16/9/1956,S,1455235200,F,10000
JG-5805,John Grady,30/7/1998,M,1447977600,M,10000
EB-3870,Emily Burns,27/3/1963,M,1441584000,M,20000
BG-1695,Brooke Gillingham,8/8/1981,M,1551312000,M,20000
SR-10425,Sharelle Roach,6/9/1977,M,1530835200,F,20000
AS-90,Adam Shillingsburg,14/2/1995,M,1427414400,M,30000
SP-10620,Stefania Perrino,7/2/1951,M,1487721600,M,10000
SH-10395,Shahid Hopkins,15/3/1954,M,1534550400,M,10000
AR-540,Andy Reiter,4/7/1956,M,1481673600,M,10000
CM-2235,Chris McAfee,3/3/1989,M,1448582400,F,20000
AS-225,Alan Schoenberger,31/7/1983,M,1479772800,M,20000
RA-9915,Russell Applegate,22/8/2003,M,1421971200,F,20000
RS-9420,Ricardo Sperren,4/4/1970,S,1500508800,F,10000
TN-11040,Tanja Norvell,8/6/1988,M,1471392000,F,10000
VP-11730,Victor Preis,30/10/1985,M,1435968000,M,30000
KW-6435,Katrina Willman,13/3/1999,M,1429660800,M,30000
PP-8955,Paul Prost,31/3/1952,M,1537315200,F,10000
SC-10575,Sonia Cooley,2/11/1984,M,1529798400,M,30000
ML-7410,Maris LaWare,13/4/2005,M,1460419200,F,30000
CJ-2010,Caroline Jumper,14/5/1967,M,1512604800,F,30000
FG-4260,Frank Gastineau,6/9/1960,M,1512864000,F,40000
TW-11025,Tamara Willingham,11/12/1979,S,1512777600,M,10000
DB-3210,Dean Braden,23/6/1977,M,1506124800,F,10000
EA-4035,Erin Ashbrook,20/11/1993,S,1520035200,F,10000
EM-3825,Elizabeth Moffitt,11/7/1970,S,1489190400,M,10000
TB-11355,Todd Boyes,18/11/1966,S,1481673600,M,10000
ME-8010,Michelle Ellison,16/8/1964,S,1483142400,F,10000
JE-5715,Joe Elijah,11/10/1984,S,1442448000,M,10000
MC-7605,Matt Connell,16/10/1997,S,1467244800,M,10000
FH-4350,Fred Harton,22/12/2002,S,1520035200,M,10000
BC-1125,Becky Castell,12/7/1953,S,1510444800,F,10000
MG-7875,Michael Grace,7/12/1970,S,1422230400,M,10000
FH-4275,Frank Hawley,29/4/1960,S,1514592000,F,10000
DK-2985,Darren Koutras,28/2/2000,S,1507766400,F,10000
BK-1260,Berenike Kampe,1/1/1975,S,1526515200,M,10000
MP-7470,Mark Packer,5/12/1990,S,1498348800,F,10000
SC-10800,Stuart Calhoun,24/4/1992,M,1433808000,M,10000
BD-1500,Bradley Drucker,19/2/1968,S,1464220800,F,10000
RC-9825,Roy Collins,20/2/1989,S,1545523200,M,20000
MG-7890,Michael Granlund,12/1/1988,S,1473120000,F,10000
ZC-11910,Zuschuss Carroll,24/9/2001,M,1522627200,M,20000